event_id,commence_time,home_team,away_team,home_spread,away_spread,total_line,home_ml,away_ml,favorite,underdog,spread,twinspires_away_spread,twinspires_away_spread_price,twinspires_home_spread,twinspires_home_spread_price,twinspires_over,twinspires_over_price,twinspires_under,twinspires_under_price,twinspires_away_ml,twinspires_home_ml,draftkings_away_spread,draftkings_away_spread_price,draftkings_home_spread,draftkings_home_spread_price,draftkings_over,draftkings_over_price,draftkings_under,draftkings_under_price,draftkings_away_ml,draftkings_home_ml,barstool_away_spread,barstool_away_spread_price,barstool_home_spread,barstool_home_spread_price,barstool_over,barstool_over_price,barstool_under,barstool_under_price,barstool_away_ml,barstool_home_ml,unibet_away_spread,unibet_away_spread_price,unibet_home_spread,unibet_home_spread_price,unibet_over,unibet_over_price,unibet_under,unibet_under_price,unibet_away_ml,unibet_home_ml,williamhill_us_away_spread,williamhill_us_away_spread_price,williamhill_us_home_spread,williamhill_us_home_spread_price,williamhill_us_over,williamhill_us_over_price,williamhill_us_under,williamhill_us_under_price,williamhill_us_away_ml,williamhill_us_home_ml,sugarhouse_over,sugarhouse_over_price,sugarhouse_under,sugarhouse_under_price,sugarhouse_away_spread,sugarhouse_away_spread_price,sugarhouse_home_spread,sugarhouse_home_spread_price,sugarhouse_away_ml,sugarhouse_home_ml,mybookieag_over,mybookieag_over_price,mybookieag_under,mybookieag_under_price,mybookieag_away_spread,mybookieag_away_spread_price,mybookieag_home_spread,mybookieag_home_spread_price,mybookieag_away_ml,mybookieag_home_ml,betrivers_over,betrivers_over_price,betrivers_under,betrivers_under_price,betrivers_away_spread,betrivers_away_spread_price,betrivers_home_spread,betrivers_home_spread_price,betrivers_away_ml,betrivers_home_ml,betonlineag_over,betonlineag_over_price,betonlineag_under,betonlineag_under_price,betonlineag_away_spread,betonlineag_away_spread_price,betonlineag_home_spread,betonlineag_home_spread_price,betonlineag_away_ml,betonlineag_home_ml,wynnbet_over,wynnbet_over_price,wynnbet_under,wynnbet_under_price,wynnbet_away_spread,wynnbet_away_spread_price,wynnbet_home_spread,wynnbet_home_spread_price,wynnbet_away_ml,wynnbet_home_ml,betmgm_over,betmgm_over_price,betmgm_under,betmgm_under_price,betmgm_away_spread,betmgm_away_spread_price,betmgm_home_spread,betmgm_home_spread_price,betmgm_away_ml,betmgm_home_ml,fanduel_away_spread,fanduel_away_spread_price,fanduel_home_spread,fanduel_home_spread_price,fanduel_over,fanduel_over_price,fanduel_under,fanduel_under_price,fanduel_away_ml,fanduel_home_ml,betus_away_spread,betus_away_spread_price,betus_home_spread,betus_home_spread_price,betus_over,betus_over_price,betus_under,betus_under_price,betus_away_ml,betus_home_ml,lowvig_over,lowvig_over_price,lowvig_under,lowvig_under_price,lowvig_away_spread,lowvig_away_spread_price,lowvig_home_spread,lowvig_home_spread_price,lowvig_away_ml,lowvig_home_ml,pointsbetus_away_spread,pointsbetus_away_spread_price,pointsbetus_home_spread,pointsbetus_home_spread_price,pointsbetus_over,pointsbetus_over_price,pointsbetus_under,pointsbetus_under_price,intertops_away_spread,intertops_away_spread_price,intertops_home_spread,intertops_home_spread_price,intertops_over,intertops_over_price,intertops_under,intertops_under_price,intertops_away_ml,intertops_home_ml,gtbets_away_spread,gtbets_away_spread_price,gtbets_home_spread,gtbets_home_spread_price,gtbets_over,gtbets_over_price,gtbets_under,gtbets_under_price,gtbets_away_ml,gtbets_home_ml,bovada_home_spread,bovada_home_spread_price,bovada_away_spread,bovada_away_spread_price,bovada_over,bovada_over_price,bovada_under,bovada_under_price,bovada_home_ml,bovada_away_ml,year
9c5fae63e7b572199160f7db0185f4b9,2022-03-17T23:27:00Z,San Diego St Aztecs,Creighton Bluejays,-2.1,2.1,120.2,-137,114,San Diego St Aztecs,Creighton Bluejays,-2.1,2.0,-108.0,-2.0,-114.0,120.0,-114.0,120.0,-108.0,114.0,-139.0,2.0,-110.0,-2.0,-110.0,120.5,-110.0,120.5,-110.0,115.0,-135.0,2.0,-108.0,-2.0,-114.0,120.0,-114.0,120.0,-108.0,115.0,-137.0,2.0,-111.0,-2.0,-119.0,120.0,-118.0,120.0,-112.0,110.0,-147.0,2.0,-110.0,-2.0,-110.0,121.0,-110.0,121.0,-110.0,115.0,-135.0,120.0,-114.0,120.0,-108.0,2.0,-108.0,-2.0,-114.0,115.0,-137.0,120.5,-110.0,120.5,-110.0,2.0,-110.0,-2.0,-110.0,115.0,-135.0,120.0,-114.0,120.0,-108.0,2.0,-108.0,-2.0,-114.0,115.0,-137.0,119.5,-108.0,119.5,-108.0,2.0,-106.0,-2.0,-106.0,114.0,-133.0,120.5,-110.0,120.5,-110.0,2.0,-110.0,-2.0,-110.0,112.0,-135.0,119.5,-110.0,119.5,-110.0,2.5,-110.0,-2.5,-110.0,120.0,-145.0,2.0,-110.0,-2.0,-110.0,120.0,-110.0,120.0,-110.0,112.0,-133.0,2.0,-110.0,-2.0,-110.0,121.0,-110.0,121.0,-110.0,115.0,-135.0,119.5,-108.0,119.5,-108.0,2.0,-106.0,-2.0,-106.0,114.0,-133.0,2.5,-110.0,-2.5,-110.0,119.5,-110.0,119.5,-110.0,2.0,-110.0,-2.0,-110.0,120.5,-110.0,120.5,-110.0,115.0,-135.0,2.0,-109.0,-2.0,-109.0,121.0,-109.0,121.0,-109.0,115.0,-135.0,,,,,,,,,,,2022
803ff4ac56a402b9965784f2d6afaab3,2022-03-17T18:45:00Z,Tennessee Volunteers,Longwood Lancers,-18.2,18.2,132.8,-3654,1228,Tennessee Volunteers,Longwood Lancers,-18.2,18.5,-114.0,-18.5,-108.0,133.0,-108.0,133.0,-112.0,1200.0,-3333.0,18.0,-110.0,-18.0,-110.0,133.0,-110.0,133.0,-110.0,1200.0,-2500.0,18.5,-114.0,-18.5,-108.0,133.0,-108.0,133.0,-112.0,1200.0,-2500.0,18.5,-118.0,-18.5,-112.0,133.0,-114.0,133.0,-116.0,1150.0,-10000.0,18.0,-110.0,-18.0,-110.0,133.0,-110.0,133.0,-110.0,1400.0,-5000.0,133.0,-108.0,133.0,-112.0,18.5,-114.0,-18.5,-108.0,1200.0,-2500.0,133.0,-110.0,133.0,-110.0,18.0,-110.0,-18.0,-110.0,1030.0,-2500.0,133.0,-108.0,133.0,-112.0,18.5,-114.0,-18.5,-108.0,1200.0,-2500.0,,,,,,,,,,,132.0,-110.0,132.0,-110.0,18.0,-110.0,-18.0,-110.0,1100.0,-2500.0,132.5,-110.0,132.5,-110.0,18.5,-110.0,-18.5,-110.0,1200.0,-2500.0,18.0,-110.0,-18.0,-110.0,132.5,-110.0,132.5,-110.0,1400.0,-5000.0,18.0,-110.0,-18.0,-110.0,133.0,-110.0,133.0,-110.0,,,,,,,,,,,,,18.5,-110.0,-18.5,-110.0,132.5,-110.0,132.5,-110.0,18.0,-110.0,-18.0,-110.0,133.0,-110.0,133.0,-110.0,1100.0,-3333.0,18.0,-109.0,-18.0,-109.0,133.0,-109.0,133.0,-109.0,1590.0,-3333.0,,,,,,,,,,,2022
bb6eb91c08ed64789817d869f9a2a4a4,2022-03-17T16:15:00Z,Colorado St Rams,Michigan Wolverines,1.3,-1.3,137.1,69,-124,Michigan Wolverines,Colorado St Rams,-1.3,-1.5,-110.0,1.5,-109.0,137.5,-109.0,137.5,-110.0,-125.0,102.0,-1.0,-110.0,1.0,-110.0,137.5,-115.0,137.5,-105.0,-120.0,100.0,-1.5,-110.0,1.5,-109.0,137.5,-109.0,137.5,-110.0,-123.0,104.0,-1.5,-115.0,1.5,-114.0,137.5,-115.0,137.5,-115.0,-130.0,-102.0,-1.0,-110.0,1.0,-110.0,137.0,-110.0,137.0,-110.0,-120.0,100.0,137.5,-109.0,137.5,-110.0,-1.5,-110.0,1.5,-109.0,-123.0,104.0,137.0,-110.0,137.0,-110.0,-1.0,-110.0,1.0,-110.0,-120.0,100.0,137.5,-109.0,137.5,-110.0,-1.5,-110.0,1.5,-109.0,-123.0,104.0,,,,,,,,,,,137.0,-110.0,137.0,-110.0,-1.5,-110.0,1.5,-110.0,-128.0,108.0,136.5,-110.0,136.5,-110.0,-1.5,-110.0,1.5,-110.0,-130.0,105.0,-1.0,-110.0,1.0,-110.0,137.0,-110.0,137.0,-110.0,-118.0,-102.0,-1.0,-110.0,1.0,-110.0,137.0,-110.0,137.0,-110.0,,,,,,,,,,,,,-1.0,-110.0,1.0,-110.0,136.5,-118.0,136.5,-110.0,-1.5,-110.0,1.5,-110.0,137.0,-110.0,137.0,-110.0,-125.0,105.0,,,,,,,,,,,,,,,,,,,,,2022
25a58067f8376d03864d0773a04fc26a,2022-03-18T18:45:00Z,Villanova Wildcats,Delaware Blue Hens,-15.2,15.2,133.7,-1791,911,Villanova Wildcats,Delaware Blue Hens,-15.2,15.5,-109.0,-15.5,-110.0,134.0,-109.0,134.0,-110.0,950.0,-2000.0,15.5,-110.0,-15.5,-110.0,133.5,-110.0,133.5,-110.0,950.0,-1667.0,15.5,-109.0,-15.5,-110.0,134.0,-109.0,134.0,-110.0,950.0,-1667.0,15.5,-115.0,-15.5,-115.0,134.0,-114.0,134.0,-116.0,900.0,-3333.0,15.5,-110.0,-15.5,-110.0,133.5,-110.0,133.5,-110.0,900.0,-1667.0,134.0,-109.0,134.0,-110.0,15.5,-109.0,-15.5,-110.0,950.0,-1667.0,133.5,-110.0,133.5,-110.0,15.0,-110.0,-15.0,-110.0,840.0,-1667.0,134.0,-109.0,134.0,-110.0,15.5,-109.0,-15.5,-110.0,950.0,-1667.0,133.5,-108.0,133.5,-108.0,15.0,-101.0,-15.0,-111.0,890.0,-1667.0,133.0,-110.0,133.0,-110.0,15.0,-110.0,-15.0,-110.0,800.0,-1429.0,133.5,-110.0,133.5,-110.0,15.5,-110.0,-15.5,-110.0,800.0,-1429.0,15.5,-110.0,-15.5,-110.0,133.5,-110.0,133.5,-110.0,1000.0,-2000.0,15.0,-110.0,-15.0,-110.0,133.5,-110.0,133.5,-110.0,,,133.5,-108.0,133.5,-108.0,15.0,-101.0,-15.0,-111.0,890.0,-1667.0,14.5,-110.0,-14.5,-110.0,134.5,-105.0,134.5,-115.0,15.0,-110.0,-15.0,-110.0,133.5,-110.0,133.5,-110.0,825.0,-1667.0,15.0,-109.0,-15.0,-109.0,133.5,-109.0,133.5,-109.0,1075.0,-1667.0,,,,,,,,,,,2022
ac6e31c4a5499dd5557c914debf884ea,2022-03-19T01:20:00Z,Houston Cougars,UAB Blazers,-8.4,8.4,136.4,-405,310,Houston Cougars,UAB Blazers,-8.4,8.5,-108.0,-8.5,-112.0,136.0,-112.0,136.0,-108.0,310.0,-400.0,8.5,-110.0,-8.5,-110.0,136.0,-110.0,136.0,-110.0,300.0,-400.0,8.5,-108.0,-8.5,-112.0,136.0,-112.0,136.0,-108.0,310.0,-400.0,8.5,-114.0,-8.5,-116.0,136.0,-116.0,136.0,-114.0,300.0,-455.0,8.5,-110.0,-8.5,-110.0,136.5,-110.0,136.5,-110.0,330.0,-435.0,136.0,-112.0,136.0,-108.0,8.5,-108.0,-8.5,-112.0,310.0,-400.0,136.5,-110.0,136.5,-110.0,8.5,-115.0,-8.5,-105.0,305.0,-417.0,136.0,-112.0,136.0,-108.0,8.5,-108.0,-8.5,-112.0,310.0,-400.0,136.5,-108.0,136.5,-108.0,8.0,-101.0,-8.0,-111.0,310.0,-385.0,136.5,-110.0,136.5,-110.0,,,,,,,136.5,-110.0,136.5,-110.0,8.5,-110.0,-8.5,-110.0,310.0,-400.0,8.5,-110.0,-8.5,-110.0,136.0,-110.0,136.0,-110.0,300.0,-385.0,8.5,-110.0,-8.5,-110.0,136.5,-110.0,136.5,-110.0,320.0,-400.0,136.5,-108.0,136.5,-108.0,8.0,-101.0,-8.0,-111.0,310.0,-385.0,8.5,-110.0,-8.5,-115.0,137.5,-105.0,137.5,-115.0,8.5,-110.0,-8.5,-110.0,136.5,-110.0,136.5,-110.0,315.0,-400.0,8.5,-109.0,-8.5,-109.0,136.5,-109.0,136.5,-109.0,310.0,-417.0,,,,,,,,,,,2022
e1771b1eb4854f59b7300c8bf8b07f11,2022-03-19T01:57:00Z,Seton Hall Pirates,TCU Horned Frogs,-0.2,0.2,128.8,-110,-110,Seton Hall Pirates,TCU Horned Frogs,-0.2,0.5,-110.0,-0.5,-110.0,129.0,-114.0,129.0,-108.0,-110.0,-110.0,,,,,,,,,,,0.5,-110.0,-0.5,-110.0,129.0,-114.0,129.0,-108.0,-109.0,-109.0,0.5,-115.0,-0.5,-115.0,129.0,-118.0,129.0,-112.0,-115.0,-115.0,,,,,,,,,,,,,,,,,,,,,128.5,-110.0,128.5,-110.0,0.0,-110.0,0.0,-110.0,-110.0,-110.0,129.0,-114.0,129.0,-108.0,0.5,-110.0,-0.5,-110.0,-109.0,-109.0,128.5,-108.0,128.5,-108.0,0.0,-101.0,0.0,-111.0,,,129.5,-110.0,129.5,-110.0,-0.0,-110.0,0.0,-110.0,-110.0,-110.0,,,,,,,,,,,,,,,,,,,,,0.0,-110.0,0.0,-110.0,128.5,-110.0,128.5,-110.0,,,128.5,-108.0,128.5,-108.0,0.0,-101.0,0.0,-111.0,,,,,,,,,,,,,,,129.0,-110.0,129.0,-110.0,,,0.0,-109.0,0.0,-109.0,128.5,-109.0,128.5,-109.0,-110.0,-110.0,,,,,,,,,,,2022
e00db4530ff7b2c2203032b260e69e5a,2022-03-18T22:50:00Z,Illinois Fighting Illini,Chattanooga Mocs,-8.0,8.0,135.7,-374,292,Illinois Fighting Illini,Chattanooga Mocs,-8.0,8.0,-114.0,-8.0,-108.0,135.5,-112.0,135.5,-108.0,285.0,-370.0,8.0,-110.0,-8.0,-110.0,135.5,-110.0,135.5,-110.0,280.0,-370.0,8.0,-114.0,-8.0,-108.0,135.5,-112.0,135.5,-108.0,290.0,-357.0,8.0,-118.0,-8.0,-112.0,135.5,-116.0,135.5,-112.0,275.0,-417.0,8.0,-110.0,-8.0,-110.0,135.5,-110.0,135.5,-110.0,285.0,-357.0,135.5,-112.0,135.5,-108.0,8.0,-114.0,-8.0,-108.0,290.0,-357.0,135.5,-110.0,135.5,-110.0,8.0,-110.0,-8.0,-110.0,280.0,-385.0,135.5,-112.0,135.5,-108.0,8.0,-114.0,-8.0,-108.0,290.0,-357.0,136.0,-112.0,136.0,-103.0,8.0,-111.0,-8.0,-101.0,305.0,-370.0,135.5,-110.0,135.5,-110.0,8.0,-110.0,-8.0,-110.0,290.0,-370.0,135.5,-110.0,135.5,-110.0,7.5,-110.0,-7.5,-110.0,280.0,-345.0,8.5,-110.0,-8.5,-110.0,135.5,-110.0,135.5,-110.0,310.0,-400.0,8.0,-110.0,-8.0,-110.0,136.0,-110.0,136.0,-110.0,320.0,-400.0,136.0,-112.0,136.0,-103.0,8.0,-111.0,-8.0,-101.0,305.0,-370.0,8.5,-120.0,-8.5,100.0,136.5,-110.0,136.5,-110.0,8.0,-110.0,-8.0,-110.0,135.5,-110.0,135.5,-110.0,300.0,-385.0,,,,,,,,,,,,,,,,,,,,,2022
89a56ea2329ecf71c82775de2eab2051,2022-03-17T18:00:00Z,Baylor Bears,Norfolk St Spartans,-20.5,20.5,137.4,-6026,1573,Baylor Bears,Norfolk St Spartans,-20.5,20.5,-110.0,-20.5,-110.0,137.5,-108.0,137.5,-112.0,1200.0,-3333.0,20.5,-110.0,-20.5,-110.0,137.5,-110.0,137.5,-110.0,1800.0,-5000.0,20.5,-110.0,-20.5,-110.0,137.5,-108.0,137.5,-112.0,1200.0,-3333.0,20.5,-115.0,-20.5,-115.0,137.5,-112.0,137.5,-116.0,1150.0,-10000.0,20.5,-110.0,-20.5,-110.0,137.5,-110.0,137.5,-110.0,2000.0,-10000.0,137.5,-108.0,137.5,-112.0,20.5,-110.0,-20.5,-110.0,1200.0,-3333.0,137.5,-110.0,137.5,-110.0,20.5,-110.0,-20.5,-110.0,1995.0,-5000.0,137.5,-108.0,137.5,-112.0,20.5,-110.0,-20.5,-110.0,1200.0,-3333.0,137.0,-103.0,137.0,-112.0,20.5,-106.0,-20.5,-106.0,1750.0,-5000.0,137.5,-110.0,137.5,-110.0,,,,,,,137.5,-110.0,137.5,-110.0,20.5,-110.0,-20.5,-110.0,2000.0,-10000.0,20.5,-110.0,-20.5,-110.0,137.0,-110.0,137.0,-110.0,1600.0,-5000.0,20.5,-110.0,-20.5,-110.0,137.5,-110.0,137.5,-110.0,,,,,,,,,,,,,20.5,-105.0,-20.5,-115.0,137.5,-110.0,137.5,-110.0,20.5,-110.0,-20.5,-110.0,137.5,-110.0,137.5,-110.0,1600.0,-5000.0,20.5,-109.0,-20.5,-109.0,137.5,-109.0,137.5,-109.0,1750.0,-10000.0,,,,,,,,,,,2022
d84d33d16a1b198757f189307f2a2283,2022-03-17T20:15:00Z,Gonzaga Bulldogs,Georgia St Panthers,-23.1,23.1,149.0,-10000,2221,Gonzaga Bulldogs,Georgia St Panthers,-23.1,23.0,-109.0,-23.0,-110.0,149.0,-108.0,149.0,-112.0,,,23.5,-110.0,-23.5,-110.0,148.5,-110.0,148.5,-110.0,3300.0,-10000.0,23.0,-109.0,-23.0,-110.0,149.0,-108.0,149.0,-112.0,,,23.0,-115.0,-23.0,-115.0,149.0,-112.0,149.0,-116.0,,,23.0,-110.0,-23.0,-110.0,149.0,-110.0,149.0,-110.0,2500.0,-10000.0,149.0,-108.0,149.0,-112.0,23.0,-109.0,-23.0,-110.0,,,149.0,-110.0,149.0,-110.0,23.0,-110.0,-23.0,-110.0,1700.0,-10000.0,149.0,-108.0,149.0,-112.0,23.0,-109.0,-23.0,-110.0,,,149.0,-108.0,149.0,-108.0,23.0,-106.0,-23.0,-106.0,2000.0,-10000.0,149.0,-110.0,149.0,-110.0,23.0,-110.0,-23.0,-110.0,2000.0,-10000.0,149.5,-110.0,149.5,-110.0,23.5,-110.0,-23.5,-110.0,2000.0,-10000.0,22.5,-110.0,-22.5,-110.0,148.5,-110.0,148.5,-110.0,2000.0,-10000.0,23.0,-110.0,-23.0,-110.0,149.0,-110.0,149.0,-110.0,,,149.0,-108.0,149.0,-108.0,23.0,-106.0,-23.0,-106.0,2000.0,-10000.0,23.5,-110.0,-23.5,-110.0,149.5,-110.0,149.5,-110.0,23.0,-110.0,-23.0,-110.0,149.0,-110.0,149.0,-110.0,2000.0,-10000.0,23.0,-109.0,-23.0,-109.0,149.0,-109.0,149.0,-109.0,2710.0,-10000.0,,,,,,,,,,,2022
06766220bb561e129cdef59636343bd2,2022-03-17T20:30:00Z,North Carolina Tar Heels,Marquette Golden Eagles,-3.5,3.5,152.1,-170,144,North Carolina Tar Heels,Marquette Golden Eagles,-3.5,3.5,-108.0,-3.5,-112.0,152.0,-109.0,152.0,-110.0,138.0,-167.0,3.5,-110.0,-3.5,-110.0,152.5,-110.0,152.5,-110.0,150.0,-169.0,3.5,-108.0,-3.5,-112.0,152.0,-109.0,152.0,-110.0,140.0,-167.0,3.5,-114.0,-3.5,-116.0,152.0,-114.0,152.0,-115.0,135.0,-179.0,3.5,-110.0,-3.5,-110.0,152.0,-110.0,152.0,-110.0,145.0,-169.0,152.0,-109.0,152.0,-110.0,3.5,-108.0,-3.5,-112.0,140.0,-167.0,152.0,-110.0,152.0,-110.0,3.5,-105.0,-3.5,-115.0,140.0,-169.0,152.0,-109.0,152.0,-110.0,3.5,-108.0,-3.5,-112.0,140.0,-167.0,152.5,-108.0,152.5,-108.0,3.5,-102.0,-3.5,-110.0,150.0,-169.0,152.0,-110.0,152.0,-110.0,3.5,-110.0,-3.5,-110.0,150.0,-179.0,152.5,-110.0,152.5,-110.0,3.5,-110.0,-3.5,-110.0,145.0,-175.0,3.5,-110.0,-3.5,-110.0,151.5,-110.0,151.5,-110.0,136.0,-164.0,3.5,-110.0,-3.5,-110.0,152.0,-110.0,152.0,-110.0,150.0,-169.0,152.5,-108.0,152.5,-108.0,3.5,-102.0,-3.5,-110.0,150.0,-169.0,3.5,-110.0,-3.5,-110.0,152.5,-110.0,152.5,-110.0,3.5,-105.0,-3.5,-115.0,152.0,-110.0,152.0,-110.0,150.0,-169.0,3.5,-109.0,-3.5,-109.0,152.0,-109.0,152.0,-109.0,145.0,-169.0,,,,,,,,,,,2022
8d7a95f10794469151cdfba1ed9144db,2022-03-17T22:50:00Z,UConn Huskies,New Mexico St Aggies,-6.4,6.4,131.8,-294,236,UConn Huskies,New Mexico St Aggies,-6.4,6.5,-108.0,-6.5,-114.0,131.5,-112.0,131.5,-108.0,235.0,-303.0,6.5,-110.0,-6.5,-110.0,132.0,-110.0,132.0,-110.0,230.0,-294.0,6.5,-108.0,-6.5,-114.0,131.5,-112.0,131.5,-108.0,240.0,-294.0,6.5,-112.0,-6.5,-118.0,131.5,-116.0,131.5,-112.0,230.0,-333.0,6.5,-110.0,-6.5,-110.0,132.0,-110.0,132.0,-110.0,240.0,-303.0,131.5,-112.0,131.5,-108.0,6.5,-108.0,-6.5,-114.0,240.0,-294.0,132.0,-110.0,132.0,-110.0,6.0,-110.0,-6.0,-110.0,230.0,-294.0,131.5,-112.0,131.5,-108.0,6.5,-108.0,-6.5,-114.0,240.0,-294.0,131.5,-108.0,131.5,-108.0,6.0,-101.0,-6.0,-111.0,235.0,-278.0,132.5,-110.0,132.5,-110.0,6.5,-110.0,-6.5,-110.0,225.0,-278.0,131.5,-110.0,131.5,-110.0,6.5,-110.0,-6.5,-110.0,240.0,-303.0,6.5,-110.0,-6.5,-110.0,132.0,-110.0,132.0,-110.0,220.0,-278.0,6.0,-110.0,-6.0,-110.0,132.0,-110.0,132.0,-110.0,250.0,-303.0,131.5,-108.0,131.5,-108.0,6.0,-101.0,-6.0,-111.0,235.0,-278.0,6.5,-110.0,-6.5,-110.0,132.5,-110.0,132.5,-110.0,6.5,-110.0,-6.5,-110.0,132.0,-110.0,132.0,-110.0,240.0,-278.0,6.0,-109.0,-6.0,-109.0,132.0,-109.0,132.0,-109.0,240.0,-294.0,,,,,,,,,,,2022
6687619debb6256669f74e161e0be4d2,2022-03-17T17:45:00Z,Boise State Broncos,Memphis Tigers,3.0,-3.0,133.5,132,-157,Memphis Tigers,Boise State Broncos,-3.0,-3.0,-112.0,3.0,-109.0,133.5,-110.0,133.5,-110.0,-156.0,128.0,-3.0,-110.0,3.0,-110.0,133.5,-110.0,133.5,-110.0,-154.0,135.0,-3.0,-112.0,3.0,-109.0,133.5,-110.0,133.5,-110.0,-154.0,128.0,-3.0,-116.0,3.0,-114.0,133.5,-115.0,133.5,-115.0,-164.0,123.0,-3.0,-110.0,3.0,-110.0,133.5,-110.0,133.5,-110.0,-161.0,140.0,133.5,-110.0,133.5,-110.0,-3.0,-112.0,3.0,-109.0,-154.0,128.0,133.5,-110.0,133.5,-110.0,-3.0,-110.0,3.0,-110.0,-161.0,130.0,133.5,-110.0,133.5,-110.0,-3.0,-112.0,3.0,-109.0,-154.0,128.0,133.5,-108.0,133.5,-108.0,-3.0,-106.0,3.0,-106.0,-161.0,140.0,133.0,-110.0,133.0,-110.0,,,,,,,133.5,-110.0,133.5,-110.0,-2.5,-110.0,2.5,-110.0,-149.0,125.0,-3.0,-110.0,3.0,-110.0,134.0,-110.0,134.0,-110.0,-154.0,128.0,-3.0,-110.0,3.0,-110.0,133.5,-110.0,133.5,-110.0,-154.0,135.0,133.5,-108.0,133.5,-108.0,-3.0,-106.0,3.0,-106.0,-161.0,140.0,-3.5,-105.0,3.5,-115.0,133.5,-110.0,133.5,-110.0,-3.0,-110.0,3.0,-110.0,133.5,-110.0,133.5,-110.0,-154.0,135.0,-3.0,-109.0,3.0,-109.0,133.5,-109.0,133.5,-109.0,-161.0,135.0,,,,,,,,,,,2022
decfd041ea2a359772b2bf90adb0b148,2022-03-18T01:20:00Z,Arkansas Razorbacks,Vermont Catamounts,-5.0,5.0,139.2,-220,178,Arkansas Razorbacks,Vermont Catamounts,-5.0,5.0,-109.0,-5.0,-112.0,139.0,-110.0,139.0,-109.0,175.0,-222.0,5.0,-115.0,-5.0,-105.0,140.0,100.0,140.0,-120.0,180.0,-222.0,5.0,-109.0,-5.0,-112.0,139.0,-110.0,139.0,-109.0,180.0,-222.0,5.0,-114.0,-5.0,-116.0,139.0,-115.0,139.0,-114.0,170.0,-233.0,5.0,-110.0,-5.0,-110.0,139.0,-110.0,139.0,-110.0,180.0,-222.0,139.0,-110.0,139.0,-109.0,5.0,-109.0,-5.0,-112.0,180.0,-222.0,139.0,-110.0,139.0,-110.0,5.0,-110.0,-5.0,-110.0,180.0,-222.0,139.0,-110.0,139.0,-109.0,5.0,-109.0,-5.0,-112.0,180.0,-222.0,139.0,-112.0,139.0,-103.0,5.0,-106.0,-5.0,-106.0,175.0,-204.0,139.5,-110.0,139.5,-110.0,5.0,-110.0,-5.0,-110.0,180.0,-222.0,139.5,-110.0,139.5,-110.0,5.5,-120.0,-5.5,100.0,180.0,-227.0,5.0,-110.0,-5.0,-110.0,139.0,-110.0,139.0,-110.0,176.0,-213.0,5.0,-110.0,-5.0,-110.0,139.5,-110.0,139.5,-110.0,180.0,-222.0,139.0,-112.0,139.0,-103.0,5.0,-106.0,-5.0,-106.0,175.0,-204.0,4.5,100.0,-4.5,-120.0,139.0,-110.0,139.0,-110.0,5.0,-110.0,-5.0,-110.0,139.5,-110.0,139.5,-110.0,180.0,-222.0,5.0,-109.0,-5.0,-109.0,139.0,-109.0,139.0,-109.0,185.0,-222.0,,,,,,,,,,,2022
ab014926e08999acd02781d9715fe274,2022-03-17T19:10:00Z,Iowa Hawkeyes,Richmond Spiders,-10.5,10.5,150.5,-586,421,Iowa Hawkeyes,Richmond Spiders,-10.5,10.5,-110.0,-10.5,-110.0,150.5,-112.0,150.5,-108.0,410.0,-556.0,10.5,-110.0,-10.5,-110.0,150.0,-115.0,150.0,-105.0,410.0,-588.0,10.5,-110.0,-10.5,-110.0,150.5,-112.0,150.5,-108.0,410.0,-556.0,10.5,-115.0,-10.5,-115.0,150.5,-116.0,150.5,-114.0,390.0,-667.0,10.5,-110.0,-10.5,-110.0,150.5,-110.0,150.5,-110.0,450.0,-667.0,150.5,-112.0,150.5,-108.0,10.5,-110.0,-10.5,-110.0,410.0,-556.0,150.5,-110.0,150.5,-110.0,10.5,-110.0,-10.5,-110.0,425.0,-588.0,150.5,-112.0,150.5,-108.0,10.5,-110.0,-10.5,-110.0,410.0,-556.0,,,,,,,,,,,151.0,-110.0,151.0,-110.0,10.5,-110.0,-10.5,-110.0,450.0,-625.0,150.5,-110.0,150.5,-110.0,10.5,-110.0,-10.5,-110.0,400.0,-556.0,10.5,-110.0,-10.5,-110.0,151.0,-110.0,151.0,-110.0,440.0,-625.0,10.5,-110.0,-10.5,-110.0,150.5,-110.0,150.5,-110.0,435.0,-556.0,150.5,-112.0,150.5,-103.0,10.5,-106.0,-10.5,-106.0,430.0,-556.0,10.0,-110.0,-10.0,-110.0,150.5,-110.0,150.5,-110.0,10.5,-110.0,-10.5,-110.0,150.5,-110.0,150.5,-110.0,410.0,-556.0,10.5,-109.0,-10.5,-109.0,150.5,-109.0,150.5,-109.0,440.0,-588.0,,,,,,,,,,,2022
488fb0fe18e46f2e6d027754fc3bec88,2022-03-18T01:50:00Z,UCLA Bruins,Akron Zips,-13.5,13.5,128.3,-1372,784,UCLA Bruins,Akron Zips,-13.5,13.5,-110.0,-13.5,-110.0,128.5,-108.0,128.5,-112.0,750.0,-1250.0,13.5,-115.0,-13.5,-105.0,128.5,-110.0,128.5,-110.0,750.0,-1250.0,13.5,-110.0,-13.5,-110.0,128.5,-108.0,128.5,-112.0,750.0,-1250.0,13.5,-115.0,-13.5,-115.0,128.5,-114.0,128.5,-116.0,700.0,-1667.0,13.5,-110.0,-13.5,-110.0,128.0,-110.0,128.0,-110.0,850.0,-1667.0,128.5,-108.0,128.5,-112.0,13.5,-110.0,-13.5,-110.0,750.0,-1250.0,128.0,-110.0,128.0,-110.0,13.5,-115.0,-13.5,-105.0,780.0,-1250.0,128.5,-108.0,128.5,-112.0,13.5,-110.0,-13.5,-110.0,750.0,-1250.0,128.0,-108.0,128.0,-108.0,13.5,-106.0,-13.5,-106.0,825.0,-1429.0,128.5,-110.0,128.5,-110.0,13.0,-110.0,-13.0,-110.0,725.0,-1111.0,128.5,-110.0,128.5,-110.0,13.5,-110.0,-13.5,-110.0,800.0,-1429.0,13.5,-110.0,-13.5,-110.0,128.5,-110.0,128.5,-110.0,800.0,-1429.0,13.5,-110.0,-13.5,-110.0,128.0,-110.0,128.0,-110.0,890.0,-1429.0,128.0,-108.0,128.0,-108.0,13.5,-106.0,-13.5,-106.0,825.0,-1429.0,13.5,-105.0,-13.5,-115.0,128.5,-110.0,128.5,-110.0,13.5,-105.0,-13.5,-115.0,128.0,-110.0,128.0,-110.0,750.0,-1429.0,13.5,-109.0,-13.5,-109.0,128.0,-109.0,128.0,-109.0,845.0,-1429.0,,,,,,,,,,,2022
04313dded8d73112bc7acbca757ddfd0,2022-03-17T16:40:00Z,Providence Friars,South Dakota St Jackrabbits,-2.1,2.1,148.3,-137,115,Providence Friars,South Dakota St Jackrabbits,-2.1,2.0,-108.0,-2.0,-114.0,148.5,-108.0,148.5,-114.0,114.0,-137.0,2.0,-110.0,-2.0,-110.0,148.5,-110.0,148.5,-110.0,115.0,-135.0,2.0,-108.0,-2.0,-114.0,148.5,-108.0,148.5,-114.0,114.0,-135.0,2.0,-111.0,-2.0,-119.0,148.5,-112.0,148.5,-118.0,108.0,-143.0,2.0,-110.0,-2.0,-110.0,148.0,-110.0,148.0,-110.0,115.0,-135.0,148.5,-108.0,148.5,-114.0,2.0,-108.0,-2.0,-114.0,114.0,-135.0,148.5,-110.0,148.5,-110.0,2.0,-110.0,-2.0,-110.0,115.0,-135.0,148.5,-108.0,148.5,-114.0,2.0,-108.0,-2.0,-114.0,114.0,-135.0,,,,,,,,,,,148.5,-110.0,148.5,-110.0,2.0,-110.0,-2.0,-110.0,112.0,-135.0,148.5,-110.0,148.5,-110.0,2.5,-110.0,-2.5,-110.0,120.0,-145.0,2.0,-110.0,-2.0,-110.0,147.5,-110.0,147.5,-110.0,114.0,-137.0,2.0,-110.0,-2.0,-110.0,148.0,-110.0,148.0,-110.0,120.0,-141.0,,,,,,,,,,,3.0,-120.0,-3.0,-105.0,148.5,-105.0,148.5,-115.0,2.0,-105.0,-2.0,-115.0,148.5,-110.0,148.5,-110.0,115.0,-135.0,2.0,-109.0,-2.0,-109.0,148.0,-109.0,148.0,-109.0,115.0,-135.0,,,,,,,,,,,2022
177f581759f20f3409ca0d7d2e5115ad,2022-03-17T23:10:00Z,Kentucky Wildcats,Saint Peter's Peacocks,-17.7,17.7,132.1,-3452,1219,Kentucky Wildcats,Saint Peter's Peacocks,-17.7,17.5,-110.0,-17.5,-110.0,132.0,-109.0,132.0,-112.0,1100.0,-2500.0,,,,,,,,,,,17.5,-110.0,-17.5,-110.0,132.0,-109.0,132.0,-112.0,1200.0,-2500.0,17.5,-115.0,-17.5,-115.0,132.0,-114.0,132.0,-116.0,1050.0,-5000.0,,,,,,,,,,,,,,,,,,,,,132.0,-110.0,132.0,-110.0,18.0,-110.0,-18.0,-110.0,1485.0,-5000.0,132.0,-109.0,132.0,-112.0,17.5,-110.0,-17.5,-110.0,1200.0,-2500.0,,,,,,,,,,,132.5,-110.0,132.5,-110.0,17.5,-110.0,-17.5,-110.0,1400.0,-3333.0,,,,,,,,,,,,,,,,,,,,,18.0,-110.0,-18.0,-110.0,132.0,-110.0,132.0,-110.0,,,,,,,,,,,,,,,,,,,,,18.0,-110.0,-18.0,-110.0,132.0,-110.0,132.0,-110.0,1100.0,-3333.0,,,,,,,,,,,,,,,,,,,,,2022
4902af89d01d2fe7fb1638c8add73b7a,2022-03-18T01:40:00Z,Murray St Racers,San Francisco Dons,-2.1,2.1,136.9,-137,115,Murray St Racers,San Francisco Dons,-2.1,2.0,-108.0,-2.0,-112.0,136.5,-114.0,136.5,-108.0,112.0,-135.0,2.0,-110.0,-2.0,-110.0,137.5,-110.0,137.5,-110.0,115.0,-135.0,2.0,-108.0,-2.0,-112.0,136.5,-114.0,136.5,-108.0,114.0,-133.0,2.0,-112.0,-2.0,-118.0,136.5,-118.0,136.5,-112.0,108.0,-143.0,2.0,-110.0,-2.0,-110.0,137.0,-110.0,137.0,-110.0,120.0,-141.0,136.5,-114.0,136.5,-108.0,2.0,-108.0,-2.0,-112.0,114.0,-133.0,137.0,-110.0,137.0,-110.0,2.0,-110.0,-2.0,-110.0,120.0,-141.0,136.5,-114.0,136.5,-108.0,2.0,-108.0,-2.0,-112.0,114.0,-133.0,,,,,,,,,,,136.5,-110.0,136.5,-110.0,2.0,-110.0,-2.0,-110.0,112.0,-135.0,137.5,-110.0,137.5,-110.0,2.5,-120.0,-2.5,100.0,115.0,-141.0,2.0,-110.0,-2.0,-110.0,137.5,-110.0,137.5,-110.0,112.0,-133.0,2.0,-110.0,-2.0,-110.0,137.0,-110.0,137.0,-110.0,115.0,-135.0,137.0,-108.0,137.0,-108.0,2.0,-106.0,-2.0,-106.0,123.0,-143.0,2.5,-110.0,-2.5,-110.0,137.5,-110.0,137.5,-110.0,2.5,-110.0,-2.5,-110.0,137.0,-110.0,137.0,-110.0,115.0,-135.0,2.0,-109.0,-2.0,-109.0,137.0,-109.0,137.0,-109.0,115.0,-135.0,,,,,,,,,,,2022
10c28e6ab87dc6a24cbe116c622182d8,2022-03-18T16:15:00Z,Ohio State Buckeyes,Loyola (Chi) Ramblers,-0.1,0.1,132.9,-109,-111,Ohio State Buckeyes,Loyola (Chi) Ramblers,-0.1,0.5,-114.0,-0.5,-108.0,133.0,-108.0,133.0,-112.0,-114.0,-108.0,0.0,-110.0,0.0,-110.0,133.0,-110.0,133.0,-110.0,-110.0,-110.0,0.5,-114.0,-0.5,-108.0,133.0,-108.0,133.0,-112.0,-112.0,-106.0,0.5,-118.0,-0.5,-111.0,133.0,-114.0,133.0,-116.0,-118.0,-111.0,-0.0,-110.0,0.0,-110.0,132.5,-110.0,132.5,-110.0,-110.0,-110.0,133.0,-108.0,133.0,-112.0,0.5,-114.0,-0.5,-108.0,-112.0,-106.0,132.5,-110.0,132.5,-110.0,0.0,-110.0,0.0,-110.0,-110.0,-110.0,133.0,-108.0,133.0,-112.0,0.5,-114.0,-0.5,-108.0,-112.0,-106.0,133.0,-112.0,133.0,-103.0,0.0,-106.0,0.0,-106.0,,,133.0,-110.0,133.0,-110.0,-0.0,-105.0,0.0,-115.0,-105.0,-115.0,132.5,-110.0,132.5,-110.0,1.5,-125.0,-1.5,105.0,-110.0,-110.0,-1.0,-105.0,1.0,-115.0,133.5,-110.0,133.5,-110.0,-110.0,-110.0,0.0,-110.0,0.0,-110.0,132.5,-110.0,132.5,-110.0,,,133.0,-112.0,133.0,-103.0,0.0,-106.0,0.0,-106.0,,,-1.0,-105.0,1.0,-115.0,133.5,-105.0,133.5,-115.0,,,,,132.5,-110.0,132.5,-110.0,,,0.0,-109.0,0.0,-109.0,132.5,-109.0,132.5,-109.0,-110.0,-110.0,,,,,,,,,,,2022
1759d8314173b2d8a20947b003e220cf,2022-03-18T23:10:00Z,Duke Blue Devils,CSU Fullerton Titans,-18.7,18.7,145.4,-3847,1228,Duke Blue Devils,CSU Fullerton Titans,-18.7,19.0,-109.0,-19.0,-110.0,145.5,-110.0,145.5,-110.0,1200.0,-3333.0,18.5,-110.0,-18.5,-110.0,145.5,-110.0,145.5,-110.0,1200.0,-2500.0,19.0,-109.0,-19.0,-110.0,145.5,-110.0,145.5,-110.0,1200.0,-2500.0,19.0,-115.0,-19.0,-115.0,145.5,-115.0,145.5,-115.0,1150.0,-10000.0,18.5,-110.0,-18.5,-110.0,145.0,-110.0,145.0,-110.0,1500.0,-5000.0,145.5,-110.0,145.5,-110.0,19.0,-109.0,-19.0,-110.0,1200.0,-2500.0,145.5,-110.0,145.5,-110.0,18.5,-105.0,-18.5,-115.0,1480.0,-5000.0,145.5,-110.0,145.5,-110.0,19.0,-109.0,-19.0,-110.0,1200.0,-2500.0,,,,,,,,,,,145.0,-110.0,145.0,-110.0,18.5,-110.0,-18.5,-110.0,1100.0,-2500.0,145.5,-110.0,145.5,-110.0,18.5,-105.0,-18.5,-115.0,1000.0,-2000.0,18.5,-105.0,-18.5,-115.0,145.0,-110.0,145.0,-110.0,1400.0,-5000.0,18.5,-110.0,-18.5,-110.0,145.5,-110.0,145.5,-110.0,,,,,,,,,,,,,18.5,-110.0,-18.5,-110.0,145.0,-110.0,145.0,-110.0,18.5,-110.0,-18.5,-110.0,145.5,-110.0,145.5,-110.0,1100.0,-3333.0,,,,,,,,,,,,,,,,,,,,,2022
fdeb6391bb4442e78957a065dee0cf75,2022-03-18T16:40:00Z,Auburn Tigers,Jacksonville St Gamecocks,-15.5,15.5,138.0,-1936,970,Auburn Tigers,Jacksonville St Gamecocks,-15.5,15.5,-114.0,-15.5,-108.0,138.0,-110.0,138.0,-110.0,950.0,-2000.0,15.0,-110.0,-15.0,-110.0,138.0,-110.0,138.0,-110.0,1000.0,-2000.0,15.5,-114.0,-15.5,-108.0,138.0,-110.0,138.0,-110.0,1050.0,-2000.0,15.5,-118.0,-15.5,-112.0,138.0,-115.0,138.0,-115.0,900.0,-3333.0,15.5,-110.0,-15.5,-110.0,138.0,-110.0,138.0,-110.0,1000.0,-2000.0,138.0,-110.0,138.0,-110.0,15.5,-114.0,-15.5,-108.0,1050.0,-2000.0,138.0,-110.0,138.0,-110.0,15.5,-105.0,-15.5,-115.0,1005.0,-1667.0,138.0,-110.0,138.0,-110.0,15.5,-114.0,-15.5,-108.0,1050.0,-2000.0,138.0,-108.0,138.0,-108.0,15.5,-108.0,-15.5,-104.0,950.0,-1667.0,138.0,-110.0,138.0,-110.0,,,,,,,137.5,-110.0,137.5,-110.0,15.5,-110.0,-15.5,-110.0,800.0,-1429.0,15.5,-110.0,-15.5,-110.0,137.5,-110.0,137.5,-110.0,980.0,-2000.0,15.5,-110.0,-15.5,-110.0,138.0,-110.0,138.0,-110.0,,,138.0,-108.0,138.0,-108.0,15.5,-108.0,-15.5,-104.0,950.0,-1667.0,15.5,-110.0,-15.5,-110.0,138.5,-110.0,138.5,-110.0,15.5,-110.0,-15.5,-110.0,138.0,-110.0,138.0,-110.0,850.0,-1667.0,15.5,-109.0,-15.5,-109.0,138.0,-109.0,138.0,-109.0,1040.0,-1667.0,,,,,,,,,,,2022
1e6fc853e059907fc98c08925c590707,2022-03-18T17:45:00Z,Texas Tech Red Raiders,Montana St Bobcats,-15.0,15.0,131.7,-1733,900,Texas Tech Red Raiders,Montana St Bobcats,-15.0,15.0,-110.0,-15.0,-110.0,131.5,-109.0,131.5,-112.0,900.0,-1667.0,15.0,-115.0,-15.0,-105.0,131.5,-105.0,131.5,-115.0,900.0,-1667.0,15.0,-110.0,-15.0,-110.0,131.5,-109.0,131.5,-112.0,950.0,-1667.0,15.0,-115.0,-15.0,-115.0,131.5,-114.0,131.5,-116.0,850.0,-2500.0,15.0,-110.0,-15.0,-110.0,132.0,-110.0,132.0,-110.0,1000.0,-2000.0,131.5,-109.0,131.5,-112.0,15.0,-110.0,-15.0,-110.0,950.0,-1667.0,132.0,-110.0,132.0,-110.0,15.0,-110.0,-15.0,-110.0,730.0,-1667.0,131.5,-109.0,131.5,-112.0,15.0,-110.0,-15.0,-110.0,950.0,-1667.0,,,,,,,,,,,132.0,-110.0,132.0,-110.0,15.0,-110.0,-15.0,-110.0,800.0,-1429.0,131.5,-110.0,131.5,-110.0,15.5,-110.0,-15.5,-110.0,900.0,-1667.0,15.0,-110.0,-15.0,-110.0,132.5,-110.0,132.5,-110.0,890.0,-1667.0,15.0,-110.0,-15.0,-110.0,132.0,-110.0,132.0,-110.0,940.0,-1667.0,,,,,,,,,,,15.0,-115.0,-15.0,-105.0,130.5,-110.0,130.5,-110.0,15.0,-110.0,-15.0,-110.0,132.0,-110.0,132.0,-110.0,825.0,-1667.0,15.0,-109.0,-15.0,-109.0,132.0,-109.0,132.0,-109.0,1020.0,-1667.0,,,,,,,,,,,2022
bf522cb773066295148747c18ac52710,2022-03-19T01:40:00Z,Michigan St Spartans,Davidson Wildcats,-1.1,1.1,140.7,-118,-57,Michigan St Spartans,Davidson Wildcats,-1.1,1.0,-109.0,-1.0,-110.0,141.0,-108.0,141.0,-112.0,-104.0,-118.0,1.0,-110.0,-1.0,-110.0,141.0,-110.0,141.0,-110.0,-105.0,-115.0,1.0,-109.0,-1.0,-110.0,141.0,-108.0,141.0,-112.0,-103.0,-118.0,1.0,-114.0,-1.0,-115.0,141.0,-112.0,141.0,-116.0,-108.0,-123.0,1.0,-110.0,-1.0,-110.0,140.5,-110.0,140.5,-110.0,100.0,-120.0,141.0,-108.0,141.0,-112.0,1.0,-109.0,-1.0,-110.0,-103.0,-118.0,140.5,-110.0,140.5,-110.0,1.0,-110.0,-1.0,-110.0,-105.0,-115.0,141.0,-108.0,141.0,-112.0,1.0,-109.0,-1.0,-110.0,-103.0,-118.0,,,,,,,,,,,140.5,-110.0,140.5,-110.0,1.0,-110.0,-1.0,-110.0,100.0,-120.0,140.5,-110.0,140.5,-110.0,1.5,-110.0,-1.5,-110.0,100.0,-120.0,1.0,-110.0,-1.0,-110.0,140.5,-110.0,140.5,-110.0,-102.0,-118.0,1.0,-110.0,-1.0,-110.0,140.5,-110.0,140.5,-110.0,,,,,,,,,,,,,1.5,-115.0,-1.5,-105.0,140.5,-110.0,140.5,-110.0,1.0,-110.0,-1.0,-110.0,140.5,-110.0,140.5,-110.0,-105.0,-115.0,1.0,-109.0,-1.0,-109.0,140.5,-109.0,140.5,-109.0,-105.0,-115.0,,,,,,,,,,,2022
2a3dcc7a92b3eb0fea2f6ba6874ac458,2022-03-18T23:20:00Z,LSU Tigers,Iowa State Cyclones,-4.0,4.0,128.4,-189,158,LSU Tigers,Iowa State Cyclones,-4.0,4.0,-106.0,-4.0,-114.0,128.0,-112.0,128.0,-108.0,165.0,-200.0,4.0,-110.0,-4.0,-110.0,128.5,-110.0,128.5,-110.0,160.0,-189.0,4.0,-106.0,-4.0,-114.0,128.0,-112.0,128.0,-108.0,165.0,-200.0,4.0,-110.0,-4.0,-119.0,128.0,-116.0,128.0,-114.0,150.0,-204.0,4.0,-110.0,-4.0,-110.0,128.5,-110.0,128.5,-110.0,160.0,-189.0,128.0,-112.0,128.0,-108.0,4.0,-106.0,-4.0,-114.0,165.0,-200.0,128.5,-110.0,128.5,-110.0,4.0,-110.0,-4.0,-110.0,155.0,-185.0,128.0,-112.0,128.0,-108.0,4.0,-106.0,-4.0,-114.0,165.0,-200.0,128.5,-112.0,128.5,-103.0,4.0,-106.0,-4.0,-106.0,160.0,-179.0,128.0,-110.0,128.0,-110.0,4.0,-110.0,-4.0,-110.0,155.0,-189.0,128.5,-110.0,128.5,-110.0,4.5,-115.0,-4.5,-105.0,155.0,-189.0,4.0,-110.0,-4.0,-110.0,128.5,-110.0,128.5,-110.0,146.0,-175.0,4.0,-110.0,-4.0,-110.0,128.5,-110.0,128.5,-110.0,155.0,-175.0,128.5,-112.0,128.5,-103.0,4.0,-106.0,-4.0,-106.0,160.0,-179.0,4.0,-110.0,-4.0,-110.0,129.5,-105.0,129.5,-115.0,4.0,-110.0,-4.0,-110.0,128.5,-105.0,128.5,-115.0,160.0,-179.0,4.0,-109.0,-4.0,-109.0,128.5,-109.0,128.5,-109.0,155.0,-185.0,,,,,,,,,,,2022
22fd77044ec3966efba8ef268ae902a3,2022-03-18T18:00:00Z,Purdue Boilermakers,Yale Bulldogs,-16.4,16.4,144.1,-1933,924,Purdue Boilermakers,Yale Bulldogs,-16.4,16.0,-109.0,-16.0,-110.0,144.0,-109.0,144.0,-110.0,950.0,-2000.0,16.5,-110.0,-16.5,-110.0,144.0,-110.0,144.0,-110.0,950.0,-1667.0,16.0,-109.0,-16.0,-110.0,144.0,-109.0,144.0,-110.0,950.0,-1667.0,16.0,-115.0,-16.0,-115.0,144.0,-114.0,144.0,-115.0,900.0,-3333.0,16.5,-110.0,-16.5,-110.0,144.5,-110.0,144.5,-110.0,1000.0,-2000.0,144.0,-109.0,144.0,-110.0,16.0,-109.0,-16.0,-110.0,950.0,-1667.0,144.0,-110.0,144.0,-110.0,16.5,-110.0,-16.5,-110.0,920.0,-2000.0,144.0,-109.0,144.0,-110.0,16.0,-109.0,-16.0,-110.0,950.0,-1667.0,144.0,-112.0,144.0,-103.0,16.5,-106.0,-16.5,-106.0,750.0,-2000.0,144.5,-110.0,144.5,-110.0,16.0,-110.0,-16.0,-110.0,900.0,-1667.0,143.5,-110.0,143.5,-110.0,16.5,-110.0,-16.5,-110.0,800.0,-1429.0,17.0,-110.0,-17.0,-110.0,144.5,-110.0,144.5,-110.0,1060.0,-2500.0,16.5,-110.0,-16.5,-110.0,144.0,-110.0,144.0,-110.0,1005.0,-1667.0,144.0,-112.0,144.0,-103.0,16.5,-106.0,-16.5,-106.0,750.0,-2000.0,16.5,-110.0,-16.5,-110.0,144.5,-110.0,144.5,-110.0,16.5,-110.0,-16.5,-110.0,144.0,-110.0,144.0,-110.0,850.0,-1667.0,16.5,-109.0,-16.5,-109.0,144.0,-109.0,144.0,-109.0,1100.0,-2000.0,,,,,,,,,,,2022
784432b6e78406c97dce732f7e7d588f,2022-03-18T19:10:00Z,USC Trojans,Miami Hurricanes,-2.3,2.3,139.5,-138,115,USC Trojans,Miami Hurricanes,-2.3,2.5,-114.0,-2.5,-106.0,139.5,-109.0,139.5,-110.0,114.0,-139.0,2.0,-110.0,-2.0,-110.0,139.5,-110.0,139.5,-110.0,115.0,-135.0,2.5,-114.0,-2.5,-106.0,139.5,-109.0,139.5,-110.0,115.0,-135.0,2.5,-119.0,-2.5,-111.0,139.5,-115.0,139.5,-115.0,110.0,-147.0,2.0,-110.0,-2.0,-110.0,139.5,-110.0,139.5,-110.0,115.0,-135.0,139.5,-109.0,139.5,-110.0,2.5,-114.0,-2.5,-106.0,115.0,-135.0,139.5,-110.0,139.5,-110.0,2.0,-110.0,-2.0,-110.0,115.0,-135.0,139.5,-109.0,139.5,-110.0,2.5,-114.0,-2.5,-106.0,115.0,-135.0,,,,,,,,,,,140.0,-110.0,140.0,-110.0,2.0,100.0,-2.0,-120.0,115.0,-141.0,139.5,-110.0,139.5,-110.0,,,,,120.0,-145.0,2.5,-110.0,-2.5,-110.0,139.5,-110.0,139.5,-110.0,116.0,-141.0,2.0,-110.0,-2.0,-110.0,139.5,-110.0,139.5,-110.0,115.0,-135.0,,,,,,,,,,,2.5,-110.0,-2.5,-110.0,139.5,-110.0,139.5,-110.0,,,,,,,,,,,,,,,,,,,,,,,,,,,,,,,2022
ee7138fefdcf57d5f72f02f33ca8d1b1,2022-03-19T01:50:00Z,Wisconsin Badgers,Colgate Raiders,-7.6,7.6,139.5,-345,273,Wisconsin Badgers,Colgate Raiders,-7.6,7.5,-110.0,-7.5,-110.0,139.5,-109.0,139.5,-110.0,270.0,-345.0,8.0,-110.0,-8.0,-110.0,139.5,-110.0,139.5,-110.0,270.0,-345.0,7.5,-110.0,-7.5,-110.0,139.5,-109.0,139.5,-110.0,270.0,-333.0,7.5,-115.0,-7.5,-115.0,139.5,-114.0,139.5,-115.0,260.0,-385.0,7.5,-110.0,-7.5,-110.0,139.5,-110.0,139.5,-110.0,280.0,-345.0,139.5,-109.0,139.5,-110.0,7.5,-110.0,-7.5,-110.0,270.0,-333.0,139.5,-110.0,139.5,-110.0,7.5,-110.0,-7.5,-110.0,270.0,-345.0,139.5,-109.0,139.5,-110.0,7.5,-110.0,-7.5,-110.0,270.0,-333.0,139.5,-103.0,139.5,-112.0,7.5,-106.0,-7.5,-106.0,280.0,-345.0,139.5,-110.0,139.5,-110.0,7.5,-110.0,-7.5,-110.0,270.0,-345.0,139.5,-110.0,139.5,-110.0,7.5,-110.0,-7.5,-110.0,270.0,-345.0,8.0,-110.0,-8.0,-110.0,139.0,-110.0,139.0,-110.0,280.0,-357.0,7.5,-110.0,-7.5,-110.0,139.5,-110.0,139.5,-110.0,275.0,-333.0,139.5,-103.0,139.5,-112.0,7.5,-106.0,-7.5,-106.0,280.0,-345.0,7.5,-110.0,-7.5,-110.0,139.5,-105.0,139.5,-115.0,7.5,-110.0,-7.5,-110.0,139.5,-110.0,139.5,-110.0,280.0,-345.0,7.5,-109.0,-7.5,-109.0,139.5,-109.0,139.5,-109.0,270.0,-345.0,,,,,,,,,,,2022
333056cbd868c4bae0dd6188a924f192,2022-03-18T20:30:00Z,Texas Longhorns,Virginia Tech Hokies,-0.8,0.8,123.4,-116,-72,Texas Longhorns,Virginia Tech Hokies,-0.8,0.5,-108.0,-0.5,-114.0,123.5,-112.0,123.5,-108.0,-108.0,-114.0,1.0,-110.0,-1.0,-110.0,123.5,-110.0,123.5,-110.0,-105.0,-115.0,0.5,-108.0,-0.5,-114.0,123.5,-112.0,123.5,-108.0,-106.0,-114.0,0.5,-111.0,-0.5,-118.0,123.5,-116.0,123.5,-112.0,-111.0,-118.0,1.0,-110.0,-1.0,-110.0,123.0,-110.0,123.0,-110.0,100.0,-120.0,123.5,-112.0,123.5,-108.0,0.5,-108.0,-0.5,-114.0,-106.0,-114.0,123.5,-110.0,123.5,-110.0,1.0,-115.0,-1.0,-105.0,-105.0,-115.0,123.5,-112.0,123.5,-108.0,0.5,-108.0,-0.5,-114.0,-106.0,-114.0,123.5,-108.0,123.5,-108.0,0.0,-106.0,0.0,-106.0,,,123.5,-110.0,123.5,-110.0,1.0,-110.0,-1.0,-110.0,100.0,-120.0,123.5,-110.0,123.5,-110.0,1.5,-115.0,-1.5,-105.0,-105.0,-115.0,1.0,-110.0,-1.0,-110.0,123.0,-110.0,123.0,-110.0,-108.0,-114.0,1.0,-110.0,-1.0,-110.0,123.5,-110.0,123.5,-110.0,,,123.5,-108.0,123.5,-108.0,0.0,-106.0,0.0,-106.0,,,1.0,-110.0,-1.0,-110.0,124.0,-110.0,124.0,-110.0,,,,,123.0,-110.0,123.0,-110.0,,,1.0,-109.0,-1.0,-109.0,123.5,-109.0,123.5,-109.0,-105.0,-115.0,,,,,,,,,,,2022
8e117e0e4d60815124f55e11b6451ca7,2022-03-18T01:57:00Z,Kansas Jayhawks,Texas Southern Tigers,-21.8,21.8,144.7,-7692,1838,Kansas Jayhawks,Texas Southern Tigers,-21.8,22.0,-109.0,-22.0,-112.0,145.0,-110.0,145.0,-110.0,1500.0,-5000.0,21.5,-110.0,-21.5,-110.0,145.0,-115.0,145.0,-105.0,2200.0,-5000.0,22.0,-109.0,-22.0,-112.0,145.0,-110.0,145.0,-110.0,1600.0,-5000.0,22.0,-114.0,-22.0,-116.0,145.0,-115.0,145.0,-115.0,,,21.5,-110.0,-21.5,-110.0,144.5,-110.0,144.5,-110.0,2000.0,-10000.0,145.0,-110.0,145.0,-110.0,22.0,-109.0,-22.0,-112.0,1600.0,-5000.0,144.5,-110.0,144.5,-110.0,21.5,-110.0,-21.5,-110.0,2000.0,-10000.0,145.0,-110.0,145.0,-110.0,22.0,-109.0,-22.0,-112.0,1600.0,-5000.0,144.5,-108.0,144.5,-108.0,21.5,-108.0,-21.5,-104.0,1800.0,-10000.0,144.5,-110.0,144.5,-110.0,22.5,-110.0,-22.5,-110.0,2000.0,-10000.0,144.5,-110.0,144.5,-110.0,21.5,-110.0,-21.5,-110.0,2000.0,-10000.0,22.5,-110.0,-22.5,-110.0,144.5,-110.0,144.5,-110.0,2200.0,-10000.0,21.5,-110.0,-21.5,-110.0,144.5,-110.0,144.5,-110.0,,,144.5,-108.0,144.5,-108.0,21.5,-108.0,-21.5,-104.0,1800.0,-10000.0,21.5,-105.0,-21.5,-115.0,145.5,-110.0,145.5,-110.0,21.5,-110.0,-21.5,-110.0,144.5,-110.0,144.5,-110.0,1600.0,-5000.0,21.5,-109.0,-21.5,-109.0,144.5,-109.0,144.5,-109.0,,,,,,,,,,,,,2022
4738cf796365d4f72e90d9aab2236352,2022-03-17T23:20:00Z,Saint Mary's Gaels,Indiana Hoosiers,-2.7,2.7,126.3,-148,124,Saint Mary's Gaels,Indiana Hoosiers,-2.7,3.0,-112.0,-3.0,-108.0,126.0,-112.0,126.0,-108.0,125.0,-154.0,2.5,-110.0,-2.5,-110.0,126.5,-110.0,126.5,-110.0,120.0,-141.0,3.0,-112.0,-3.0,-108.0,126.0,-112.0,126.0,-108.0,125.0,-147.0,3.0,-116.0,-3.0,-114.0,126.0,-116.0,126.0,-112.0,123.0,-161.0,2.5,-110.0,-2.5,-110.0,126.5,-110.0,126.5,-110.0,125.0,-145.0,126.0,-112.0,126.0,-108.0,3.0,-112.0,-3.0,-108.0,125.0,-147.0,126.5,-110.0,126.5,-110.0,2.5,-110.0,-2.5,-110.0,125.0,-145.0,126.0,-112.0,126.0,-108.0,3.0,-112.0,-3.0,-108.0,125.0,-147.0,,,,,,,,,,,,,,,,,,,,,,,,,,,,,,,2.5,-110.0,-2.5,-110.0,126.5,-110.0,126.5,-110.0,115.0,-139.0,,,,,,,,,,,,,,,,,,,,,2.5,-110.0,-2.5,-110.0,126.5,-110.0,126.5,-110.0,2.5,-110.0,-2.5,-110.0,126.5,-110.0,126.5,-110.0,130.0,-149.0,,,,,,,,,,,,,,,,,,,,,2022
82412ea0618db287c3e0259674b2fe91,2022-03-18T23:27:00Z,Arizona Wildcats,Wright St Raiders,-21.4,21.4,156.4,-8462,1746,Arizona Wildcats,Wright St Raiders,-21.4,21.5,-110.0,-21.5,-109.0,156.5,-108.0,156.5,-112.0,1600.0,-10000.0,21.5,-110.0,-21.5,-110.0,156.5,-110.0,156.5,-110.0,2000.0,-5000.0,21.5,-110.0,-21.5,-109.0,156.5,-108.0,156.5,-112.0,1800.0,-10000.0,21.5,-115.0,-21.5,-114.0,156.5,-112.0,156.5,-116.0,,,21.5,-110.0,-21.5,-110.0,156.5,-110.0,156.5,-110.0,2000.0,-10000.0,156.5,-108.0,156.5,-112.0,21.5,-110.0,-21.5,-109.0,1800.0,-10000.0,156.5,-110.0,156.5,-110.0,21.5,-110.0,-21.5,-110.0,1800.0,-10000.0,156.5,-108.0,156.5,-112.0,21.5,-110.0,-21.5,-109.0,1800.0,-10000.0,,,,,,,,,,,156.5,-110.0,156.5,-110.0,21.5,-110.0,-21.5,-110.0,1800.0,-10000.0,156.5,-110.0,156.5,-110.0,21.5,-110.0,-21.5,-110.0,1600.0,-10000.0,21.5,-110.0,-21.5,-110.0,156.5,-110.0,156.5,-110.0,1600.0,-5000.0,21.5,-110.0,-21.5,-110.0,156.5,-110.0,156.5,-110.0,,,156.5,-108.0,156.5,-108.0,21.0,-101.0,-21.0,-111.0,1550.0,-5000.0,20.5,-105.0,-20.5,-115.0,155.5,-115.0,155.5,-105.0,21.5,-110.0,-21.5,-110.0,156.5,-110.0,156.5,-110.0,1600.0,-5000.0,21.5,-109.0,-21.5,-109.0,156.5,-109.0,156.5,-109.0,1750.0,-10000.0,,,,,,,,,,,2022
ac47293c0d22fec5f4ac0ab288ee133a,2022-03-18T20:15:00Z,Alabama Crimson Tide,Notre Dame Fighting Irish,-4.0,4.0,152.4,-185,152,Alabama Crimson Tide,Notre Dame Fighting Irish,-4.0,4.0,-108.0,-4.0,-112.0,152.5,-109.0,152.5,-110.0,150.0,-189.0,4.0,-110.0,-4.0,-110.0,152.0,-110.0,152.0,-110.0,155.0,-179.0,4.0,-108.0,-4.0,-112.0,152.5,-109.0,152.5,-110.0,150.0,-189.0,4.0,-112.0,-4.0,-116.0,152.5,-114.0,152.5,-116.0,145.0,-192.0,4.0,-110.0,-4.0,-110.0,152.0,-110.0,152.0,-110.0,160.0,-189.0,152.5,-109.0,152.5,-110.0,4.0,-108.0,-4.0,-112.0,150.0,-189.0,152.0,-110.0,152.0,-110.0,4.0,-105.0,-4.0,-115.0,155.0,-185.0,152.5,-109.0,152.5,-110.0,4.0,-108.0,-4.0,-112.0,150.0,-189.0,,,,,,,,,,,152.5,-110.0,152.5,-110.0,4.0,-110.0,-4.0,-110.0,155.0,-189.0,152.5,-110.0,152.5,-110.0,4.5,-110.0,-4.5,-110.0,150.0,-185.0,4.0,-110.0,-4.0,-110.0,153.0,-110.0,153.0,-110.0,146.0,-175.0,4.0,-110.0,-4.0,-110.0,152.0,-110.0,152.0,-110.0,155.0,-175.0,,,,,,,,,,,4.0,-110.0,-4.0,-110.0,152.5,-110.0,152.5,-110.0,4.0,-110.0,-4.0,-110.0,152.5,-110.0,152.5,-110.0,160.0,-179.0,,,,,,,,,,,,,,,,,,,,,2022
01269fef1bbf1da149e318feaf213918,2022-03-19T21:15:00Z,Tennessee Volunteers,Michigan Wolverines,-6.1,6.1,136.2,-265,213,Tennessee Volunteers,Michigan Wolverines,-6.1,6.0,-109.0,-6.0,-110.0,136.0,-110.0,136.0,-109.0,210.0,-263.0,6.0,-110.0,-6.0,-110.0,136.0,-115.0,136.0,-105.0,205.0,-256.0,6.0,-109.0,-6.0,-110.0,136.0,-110.0,136.0,-109.0,215.0,-263.0,6.0,-115.0,-6.0,-115.0,136.0,-116.0,136.0,-114.0,205.0,-286.0,6.0,-110.0,-6.0,-110.0,136.5,-110.0,136.5,-110.0,220.0,-270.0,136.0,-110.0,136.0,-109.0,6.0,-109.0,-6.0,-110.0,215.0,-263.0,136.5,-110.0,136.5,-110.0,6.5,-110.0,-6.5,-110.0,215.0,-263.0,136.0,-110.0,136.0,-109.0,6.0,-109.0,-6.0,-110.0,215.0,-263.0,,,,,,,,,,,136.5,-110.0,136.5,-110.0,6.0,-110.0,-6.0,-110.0,210.0,-263.0,136.5,-110.0,136.5,-110.0,5.5,-105.0,-5.5,-115.0,200.0,-250.0,6.5,-110.0,-6.5,-110.0,136.5,-110.0,136.5,-110.0,220.0,-278.0,6.5,-110.0,-6.5,-110.0,136.5,-110.0,136.5,-110.0,220.0,-263.0,,,,,,,,,,,6.0,-110.0,-6.0,-110.0,135.5,-110.0,135.5,-110.0,6.0,-110.0,-6.0,-110.0,136.5,-110.0,136.5,-110.0,220.0,-263.0,,,,,,,,,,,,,,,,,,,,,2022
257c1d185dcc33272870135b313b4ca5,2022-03-19T22:10:10Z,Providence Friars,Richmond Spiders,-2.7,2.7,134.1,-150,128,Providence Friars,Richmond Spiders,-2.7,2.5,-109.0,-2.5,-110.0,133.5,-114.0,133.5,-108.0,120.0,-147.0,3.0,-110.0,-3.0,-110.0,134.0,-115.0,134.0,-105.0,130.0,-149.0,2.5,-109.0,-2.5,-110.0,133.5,-114.0,133.5,-108.0,125.0,-147.0,2.5,-114.0,-2.5,-116.0,133.5,-118.0,133.5,-112.0,115.0,-152.0,3.0,-110.0,-3.0,-110.0,134.5,-110.0,134.5,-110.0,130.0,-149.0,133.5,-114.0,133.5,-108.0,2.5,-109.0,-2.5,-110.0,125.0,-147.0,134.5,-110.0,134.5,-110.0,3.0,-110.0,-3.0,-110.0,125.0,-145.0,133.5,-114.0,133.5,-108.0,2.5,-109.0,-2.5,-110.0,125.0,-147.0,134.5,-108.0,134.5,-108.0,2.5,-101.0,-2.5,-111.0,133.0,-154.0,134.5,-110.0,134.5,-110.0,2.5,-110.0,-2.5,-110.0,120.0,-145.0,134.5,-110.0,134.5,-110.0,2.5,-105.0,-2.5,-115.0,130.0,-154.0,3.0,-110.0,-3.0,-110.0,133.0,-110.0,133.0,-110.0,140.0,-169.0,3.0,-110.0,-3.0,-110.0,134.5,-110.0,134.5,-110.0,130.0,-149.0,134.5,-108.0,134.5,-108.0,2.5,-101.0,-2.5,-111.0,133.0,-154.0,3.0,-110.0,-3.0,-110.0,134.5,-110.0,134.5,-110.0,3.0,-110.0,-3.0,-110.0,134.5,-110.0,134.5,-110.0,130.0,-149.0,3.0,-109.0,-3.0,-109.0,134.5,-109.0,134.5,-109.0,130.0,-149.0,,,,,,,,,,,2022
bafc5487d99c6e5ea849e89b716f3b5e,2022-03-20T01:40:00Z,Gonzaga Bulldogs,Memphis Tigers,-10.0,10.0,154.8,-652,453,Gonzaga Bulldogs,Memphis Tigers,-10.0,10.0,-110.0,-10.0,-110.0,155.0,-110.0,155.0,-110.0,430.0,-667.0,10.0,-110.0,-10.0,-110.0,155.0,-110.0,155.0,-110.0,450.0,-625.0,10.0,-110.0,-10.0,-110.0,155.0,-110.0,155.0,-110.0,430.0,-667.0,10.0,-115.0,-10.0,-115.0,155.0,-115.0,155.0,-115.0,370.0,-667.0,10.0,-110.0,-10.0,-110.0,155.0,-110.0,155.0,-110.0,475.0,-714.0,155.0,-110.0,155.0,-110.0,10.0,-110.0,-10.0,-110.0,430.0,-667.0,155.0,-110.0,155.0,-110.0,10.0,-110.0,-10.0,-110.0,465.0,-625.0,155.0,-110.0,155.0,-110.0,10.0,-110.0,-10.0,-110.0,430.0,-667.0,154.5,-112.0,154.5,-103.0,10.0,-106.0,-10.0,-106.0,485.0,-625.0,154.0,-110.0,154.0,-110.0,,,,,,,154.5,-110.0,154.5,-110.0,10.5,-110.0,-10.5,-110.0,500.0,-714.0,10.0,-110.0,-10.0,-110.0,154.5,-110.0,154.5,-110.0,450.0,-625.0,10.0,-110.0,-10.0,-110.0,155.0,-110.0,155.0,-110.0,480.0,-625.0,154.5,-112.0,154.5,-103.0,10.0,-106.0,-10.0,-106.0,485.0,-625.0,9.5,-110.0,-9.5,-110.0,154.5,-110.0,154.5,-110.0,10.0,-110.0,-10.0,-110.0,155.0,-110.0,155.0,-110.0,470.0,-667.0,10.0,-109.0,-10.0,-109.0,155.0,-109.0,155.0,-109.0,480.0,-625.0,-10.0,-110.0,10.0,-110.0,155.0,-110.0,155.0,-110.0,-625.0,425.0,2022
2bf1d2f1e44b035c23856a64ba6419d1,2022-03-19T16:10:00Z,Baylor Bears,North Carolina Tar Heels,-5.5,5.5,148.6,-234,191,Baylor Bears,North Carolina Tar Heels,-5.5,5.5,-109.0,-5.5,-110.0,148.5,-112.0,148.5,-108.0,190.0,-238.0,5.5,-110.0,-5.5,-110.0,149.0,-110.0,149.0,-110.0,190.0,-233.0,5.5,-109.0,-5.5,-110.0,148.5,-112.0,148.5,-108.0,195.0,-233.0,5.5,-114.0,-5.5,-115.0,148.5,-116.0,148.5,-112.0,185.0,-250.0,5.5,-110.0,-5.5,-110.0,148.5,-110.0,148.5,-110.0,190.0,-233.0,148.5,-112.0,148.5,-108.0,5.5,-109.0,-5.5,-110.0,195.0,-233.0,148.5,-110.0,148.5,-110.0,5.5,-110.0,-5.5,-110.0,185.0,-233.0,148.5,-112.0,148.5,-108.0,5.5,-109.0,-5.5,-110.0,195.0,-233.0,148.5,-108.0,148.5,-108.0,5.5,-106.0,-5.5,-106.0,190.0,-217.0,149.0,-110.0,149.0,-110.0,5.5,-110.0,-5.5,-110.0,200.0,-250.0,149.5,-110.0,149.5,-110.0,5.5,-110.0,-5.5,-110.0,180.0,-227.0,5.5,-110.0,-5.5,-110.0,149.0,-110.0,149.0,-110.0,198.0,-244.0,5.5,-110.0,-5.5,-110.0,148.5,-110.0,148.5,-110.0,195.0,-233.0,148.5,-108.0,148.5,-108.0,5.5,-106.0,-5.5,-106.0,190.0,-217.0,5.5,-110.0,-5.5,-110.0,148.5,-110.0,148.5,-110.0,5.5,-110.0,-5.5,-110.0,148.5,-110.0,148.5,-110.0,190.0,-233.0,5.5,-109.0,-5.5,-109.0,148.5,-109.0,148.5,-109.0,195.0,-233.0,-5.5,-110.0,5.5,-110.0,148.5,-115.0,148.5,-105.0,-233.0,190.0,2022
90bb8d84a66a8ebc603001dd9179c202,2022-03-20T00:40:00Z,Arkansas Razorbacks,New Mexico St Aggies,-6.5,6.5,138.3,-287,232,Arkansas Razorbacks,New Mexico St Aggies,-6.5,6.5,-110.0,-6.5,-110.0,138.5,-110.0,138.5,-109.0,230.0,-286.0,6.5,-110.0,-6.5,-110.0,138.5,-110.0,138.5,-110.0,225.0,-278.0,6.5,-110.0,-6.5,-110.0,138.5,-110.0,138.5,-109.0,230.0,-286.0,6.5,-115.0,-6.5,-115.0,138.5,-115.0,138.5,-114.0,220.0,-312.0,6.5,-110.0,-6.5,-110.0,138.0,-110.0,138.0,-110.0,240.0,-303.0,138.5,-110.0,138.5,-109.0,6.5,-110.0,-6.5,-110.0,230.0,-286.0,138.0,-110.0,138.0,-110.0,6.5,-110.0,-6.5,-110.0,230.0,-278.0,138.5,-110.0,138.5,-109.0,6.5,-110.0,-6.5,-110.0,230.0,-286.0,138.0,-108.0,138.0,-108.0,6.5,-106.0,-6.5,-106.0,240.0,-286.0,138.5,-110.0,138.5,-110.0,6.5,-110.0,-6.5,-110.0,230.0,-294.0,138.5,-110.0,138.5,-110.0,6.5,-110.0,-6.5,-110.0,220.0,-278.0,6.5,-110.0,-6.5,-110.0,139.0,-105.0,139.0,-115.0,230.0,-286.0,6.5,-110.0,-6.5,-110.0,138.0,-110.0,138.0,-110.0,240.0,-294.0,138.0,-108.0,138.0,-108.0,6.5,-106.0,-6.5,-106.0,240.0,-286.0,6.5,-115.0,-6.5,-105.0,137.5,-110.0,137.5,-110.0,6.5,-110.0,-6.5,-110.0,138.0,-110.0,138.0,-110.0,240.0,-278.0,6.5,-109.0,-6.5,-109.0,138.0,-109.0,138.0,-109.0,230.0,-278.0,,,,,,,,,,,2022
7cc1b61e3851605dfba07fcef8de79c0,2022-03-19T23:10:00Z,UCLA Bruins,Saint Mary's Gaels,-3.0,3.0,125.8,-154,130,UCLA Bruins,Saint Mary's Gaels,-3.0,3.0,-109.0,-3.0,-112.0,125.5,-112.0,125.5,-108.0,130.0,-159.0,3.0,-110.0,-3.0,-110.0,126.0,-110.0,126.0,-110.0,130.0,-149.0,3.0,-109.0,-3.0,-112.0,125.5,-112.0,125.5,-108.0,133.0,-156.0,3.0,-114.0,-3.0,-116.0,125.5,-116.0,125.5,-112.0,125.0,-167.0,3.0,-110.0,-3.0,-110.0,126.0,-110.0,126.0,-110.0,130.0,-149.0,125.5,-112.0,125.5,-108.0,3.0,-109.0,-3.0,-112.0,133.0,-156.0,126.0,-110.0,126.0,-110.0,3.0,-110.0,-3.0,-110.0,130.0,-149.0,125.5,-112.0,125.5,-108.0,3.0,-109.0,-3.0,-112.0,133.0,-156.0,,,,,,,,,,,,,,,,,,,,,,,,,,,,,,,3.0,-110.0,-3.0,-110.0,126.0,-110.0,126.0,-110.0,128.0,-154.0,,,,,,,,,,,,,,,,,,,,,3.0,-105.0,-3.0,-115.0,126.0,-110.0,126.0,-110.0,3.0,-110.0,-3.0,-110.0,126.0,-110.0,126.0,-110.0,130.0,-149.0,,,,,,,,,,,,,,,,,,,,,2022
8d775f60106886a864d591235479e1ff,2022-03-19T18:40:00Z,Kansas Jayhawks,Creighton Bluejays,-11.6,11.6,139.6,-762,515,Kansas Jayhawks,Creighton Bluejays,-11.6,11.5,-108.0,-11.5,-114.0,139.5,-110.0,139.5,-110.0,525.0,-833.0,12.0,-110.0,-12.0,-110.0,139.5,-110.0,139.5,-110.0,500.0,-714.0,11.5,-108.0,-11.5,-114.0,139.5,-110.0,139.5,-110.0,550.0,-769.0,11.5,-112.0,-11.5,-118.0,139.5,-115.0,139.5,-115.0,510.0,-1000.0,11.5,-110.0,-11.5,-110.0,139.5,-110.0,139.5,-110.0,475.0,-714.0,139.5,-110.0,139.5,-110.0,11.5,-108.0,-11.5,-114.0,550.0,-769.0,139.5,-110.0,139.5,-110.0,12.0,-110.0,-12.0,-110.0,500.0,-714.0,139.5,-110.0,139.5,-110.0,11.5,-108.0,-11.5,-114.0,550.0,-769.0,140.0,-108.0,140.0,-108.0,11.5,-101.0,-11.5,-111.0,550.0,-769.0,139.5,-110.0,139.5,-110.0,12.0,-110.0,-12.0,-110.0,525.0,-769.0,139.5,-110.0,139.5,-110.0,11.5,-110.0,-11.5,-110.0,450.0,-667.0,12.0,-110.0,-12.0,-110.0,139.5,-110.0,139.5,-110.0,570.0,-833.0,11.5,-110.0,-11.5,-110.0,139.5,-110.0,139.5,-110.0,500.0,-714.0,140.0,-108.0,140.0,-108.0,11.5,-101.0,-11.5,-111.0,550.0,-769.0,11.5,-115.0,-11.5,-105.0,139.5,-115.0,139.5,-105.0,11.5,-105.0,-11.5,-115.0,139.5,-110.0,139.5,-110.0,470.0,-667.0,11.5,-109.0,-11.5,-109.0,139.5,-109.0,139.5,-109.0,480.0,-714.0,-11.5,-115.0,11.5,-105.0,140.0,-105.0,140.0,-115.0,-769.0,500.0,2022
0066df79775a27289f921dd85f276958,2022-03-19T23:45:00Z,Murray St Racers,Saint Peter's Peacocks,-8.6,8.6,129.8,-435,330,Murray St Racers,Saint Peter's Peacocks,-8.6,8.5,-108.0,-8.5,-114.0,129.5,-112.0,129.5,-109.0,330.0,-435.0,,,,,,,,,,,8.5,-108.0,-8.5,-114.0,129.5,-112.0,129.5,-109.0,340.0,-435.0,8.5,-112.0,-8.5,-118.0,129.5,-116.0,129.5,-114.0,320.0,-500.0,,,,,,,,,,,,,,,,,,,,,130.0,-110.0,130.0,-110.0,8.5,-110.0,-8.5,-110.0,315.0,-435.0,129.5,-112.0,129.5,-109.0,8.5,-108.0,-8.5,-114.0,340.0,-435.0,,,,,,,,,,,130.0,-110.0,130.0,-110.0,9.0,-110.0,-9.0,-110.0,350.0,-455.0,,,,,,,,,,,,,,,,,,,,,8.5,-110.0,-8.5,-110.0,130.0,-110.0,130.0,-110.0,345.0,-417.0,130.0,-108.0,130.0,-108.0,8.5,-101.0,-8.5,-111.0,325.0,-400.0,,,,,,,,,8.5,-110.0,-8.5,-110.0,130.0,-110.0,130.0,-110.0,315.0,-400.0,8.5,-109.0,-8.5,-109.0,130.0,-109.0,130.0,-109.0,320.0,-435.0,,,,,,,,,,,2022
2e0b653bc0fc10af2c7145c6bb15d3bb,2022-03-20T18:40:00Z,Villanova Wildcats,Ohio State Buckeyes,-5.1,5.1,132.3,-226,183,Villanova Wildcats,Ohio State Buckeyes,-5.1,5.0,-109.0,-5.0,-112.0,132.5,-112.0,132.5,-108.0,180.0,-227.0,5.0,-105.0,-5.0,-115.0,132.0,-120.0,132.0,100.0,185.0,-227.0,5.0,-109.0,-5.0,-112.0,132.5,-112.0,132.5,-108.0,180.0,-222.0,5.0,-114.0,-5.0,-116.0,132.5,-116.0,132.5,-114.0,175.0,-238.0,5.5,-110.0,-5.5,-110.0,132.0,-110.0,132.0,-110.0,190.0,-233.0,132.5,-112.0,132.5,-108.0,5.0,-109.0,-5.0,-112.0,180.0,-222.0,132.0,-110.0,132.0,-110.0,5.0,-105.0,-5.0,-115.0,185.0,-227.0,132.5,-112.0,132.5,-108.0,5.0,-109.0,-5.0,-112.0,180.0,-222.0,132.0,-108.0,132.0,-108.0,5.0,-101.0,-5.0,-111.0,195.0,-227.0,133.0,-110.0,133.0,-110.0,5.5,-110.0,-5.5,-110.0,175.0,-213.0,132.5,-110.0,132.5,-110.0,5.5,-110.0,-5.5,-110.0,180.0,-227.0,5.5,-110.0,-5.5,-110.0,132.5,-110.0,132.5,-110.0,180.0,-222.0,5.0,-110.0,-5.0,-110.0,132.0,-110.0,132.0,-110.0,185.0,-227.0,132.0,-108.0,132.0,-108.0,5.0,-101.0,-5.0,-111.0,195.0,-227.0,5.5,-110.0,-5.5,-110.0,132.5,-110.0,132.5,-110.0,5.0,-110.0,-5.0,-110.0,132.0,-110.0,132.0,-110.0,180.0,-222.0,5.0,-109.0,-5.0,-109.0,132.0,-109.0,132.0,-109.0,190.0,-227.0,,,,,,,,,,,2022
52c601ee235bc04b611eac9c99f61722,2022-03-20T23:45:00Z,Auburn Tigers,Miami Hurricanes,-7.5,7.5,144.4,-336,262,Auburn Tigers,Miami Hurricanes,-7.5,7.5,-110.0,-7.5,-110.0,144.5,-109.0,144.5,-112.0,265.0,-345.0,7.0,-105.0,-7.0,-115.0,144.0,-110.0,144.0,-110.0,245.0,-312.0,7.5,-110.0,-7.5,-110.0,144.5,-109.0,144.5,-112.0,270.0,-333.0,7.5,-115.0,-7.5,-115.0,144.5,-114.0,144.5,-116.0,255.0,-370.0,7.5,-110.0,-7.5,-110.0,144.0,-110.0,144.0,-110.0,270.0,-345.0,144.5,-109.0,144.5,-112.0,7.5,-110.0,-7.5,-110.0,270.0,-333.0,144.5,-110.0,144.5,-110.0,7.5,-110.0,-7.5,-110.0,260.0,-323.0,144.5,-109.0,144.5,-112.0,7.5,-110.0,-7.5,-110.0,270.0,-333.0,,,,,,,,,,,145.0,-110.0,145.0,-110.0,7.5,-110.0,-7.5,-110.0,270.0,-345.0,144.5,-110.0,144.5,-110.0,,,,,260.0,-345.0,7.5,-110.0,-7.5,-110.0,144.0,-110.0,144.0,-110.0,250.0,-323.0,7.5,-110.0,-7.5,-110.0,144.5,-110.0,144.5,-110.0,260.0,-323.0,,,,,,,,,,,7.5,-110.0,-7.5,-110.0,144.5,-110.0,144.5,-110.0,,,,,,,,,,,,,,,,,,,,,,,,,,,,,,,2022
9289374ef99a9bb4a8232002fc3c38fd,2022-03-20T23:10:00Z,Texas Tech Red Raiders,Notre Dame Fighting Irish,-8.0,8.0,132.1,-362,286,Texas Tech Red Raiders,Notre Dame Fighting Irish,-8.0,8.0,-110.0,-8.0,-110.0,132.0,-110.0,132.0,-109.0,285.0,-370.0,8.0,-110.0,-8.0,-110.0,132.5,-105.0,132.5,-115.0,270.0,-345.0,8.0,-110.0,-8.0,-110.0,132.0,-110.0,132.0,-109.0,285.0,-357.0,8.0,-115.0,-8.0,-115.0,132.0,-115.0,132.0,-115.0,275.0,-417.0,8.0,-110.0,-8.0,-110.0,132.5,-110.0,132.5,-110.0,285.0,-357.0,132.0,-110.0,132.0,-109.0,8.0,-110.0,-8.0,-110.0,285.0,-357.0,132.5,-110.0,132.5,-110.0,8.0,-110.0,-8.0,-110.0,300.0,-357.0,132.0,-110.0,132.0,-109.0,8.0,-110.0,-8.0,-110.0,285.0,-357.0,131.5,-108.0,131.5,-108.0,8.0,-106.0,-8.0,-106.0,305.0,-370.0,132.5,-110.0,132.5,-110.0,8.0,-110.0,-8.0,-110.0,280.0,-357.0,132.5,-110.0,132.5,-110.0,7.5,-110.0,-7.5,-110.0,290.0,-370.0,8.0,-110.0,-8.0,-110.0,132.5,-110.0,132.5,-110.0,270.0,-345.0,8.0,-110.0,-8.0,-110.0,132.0,-110.0,132.0,-110.0,295.0,-357.0,131.5,-108.0,131.5,-108.0,8.0,-106.0,-8.0,-106.0,305.0,-370.0,8.0,-110.0,-8.0,-110.0,131.5,-115.0,131.5,-105.0,8.0,-110.0,-8.0,-110.0,132.5,-110.0,132.5,-110.0,290.0,-357.0,8.0,-109.0,-8.0,-109.0,132.5,-109.0,132.5,-109.0,275.0,-357.0,,,,,,,,,,,2022
933156146c1aaf06513df04a63b2dc94,2022-03-21T00:40:00Z,Purdue Boilermakers,Texas Longhorns,-3.1,3.1,134.6,-164,139,Purdue Boilermakers,Texas Longhorns,-3.1,3.0,-106.0,-3.0,-114.0,134.5,-110.0,134.5,-109.0,133.0,-161.0,3.5,-110.0,-3.5,-110.0,134.5,-110.0,134.5,-110.0,145.0,-164.0,3.0,-106.0,-3.0,-114.0,134.5,-110.0,134.5,-109.0,135.0,-159.0,3.0,-110.0,-3.0,-119.0,134.5,-115.0,134.5,-114.0,128.0,-172.0,3.5,-110.0,-3.5,-110.0,134.5,-110.0,134.5,-110.0,140.0,-161.0,134.5,-110.0,134.5,-109.0,3.0,-106.0,-3.0,-114.0,135.0,-159.0,134.5,-110.0,134.5,-110.0,3.0,-105.0,-3.0,-115.0,140.0,-169.0,134.5,-110.0,134.5,-109.0,3.0,-106.0,-3.0,-114.0,135.0,-159.0,134.5,-108.0,134.5,-108.0,3.0,-106.0,-3.0,-106.0,140.0,-161.0,134.5,-110.0,134.5,-110.0,3.0,-110.0,-3.0,-110.0,140.0,-169.0,134.5,-110.0,134.5,-110.0,3.5,-110.0,-3.5,-110.0,135.0,-164.0,3.5,-110.0,-3.5,-110.0,134.5,-110.0,134.5,-110.0,138.0,-167.0,3.0,-110.0,-3.0,-110.0,134.5,-110.0,134.5,-110.0,150.0,-169.0,134.5,-108.0,134.5,-108.0,3.0,-106.0,-3.0,-106.0,140.0,-161.0,2.5,-105.0,-2.5,-115.0,135.5,-110.0,135.5,-110.0,3.0,-110.0,-3.0,-110.0,134.5,-110.0,134.5,-110.0,140.0,-161.0,3.0,-109.0,-3.0,-109.0,134.5,-109.0,134.5,-109.0,145.0,-169.0,,,,,,,,,,,2022
4012b5f61eaf2443b14360fd06c4fdaf,2022-03-20T21:15:00Z,Duke Blue Devils,Michigan St Spartans,-6.5,6.5,144.8,-283,224,Duke Blue Devils,Michigan St Spartans,-6.5,6.5,-110.0,-6.5,-110.0,145.0,-110.0,145.0,-109.0,220.0,-278.0,6.5,-105.0,-6.5,-115.0,145.0,-115.0,145.0,-105.0,230.0,-294.0,6.5,-110.0,-6.5,-110.0,145.0,-110.0,145.0,-109.0,220.0,-278.0,6.5,-115.0,-6.5,-115.0,145.0,-116.0,145.0,-114.0,210.0,-294.0,6.5,-110.0,-6.5,-110.0,144.5,-110.0,144.5,-110.0,240.0,-303.0,145.0,-110.0,145.0,-109.0,6.5,-110.0,-6.5,-110.0,220.0,-278.0,144.5,-110.0,144.5,-110.0,6.5,-105.0,-6.5,-115.0,230.0,-294.0,145.0,-110.0,145.0,-109.0,6.5,-110.0,-6.5,-110.0,220.0,-278.0,,,,,,,,,,,144.5,-110.0,144.5,-110.0,6.5,-110.0,-6.5,-110.0,220.0,-278.0,144.5,-110.0,144.5,-110.0,6.5,-110.0,-6.5,-110.0,210.0,-278.0,6.5,-110.0,-6.5,-110.0,145.0,-110.0,145.0,-110.0,215.0,-263.0,6.5,-110.0,-6.5,-110.0,144.5,-110.0,144.5,-110.0,245.0,-286.0,,,,,,,,,,,6.5,-115.0,-6.5,-105.0,145.5,-110.0,145.5,-110.0,6.5,-110.0,-6.5,-110.0,144.5,-110.0,144.5,-110.0,235.0,-278.0,,,,,,,,,,,,,,,,,,,,,2022
b4c203d7a3ac01f4365a633bc083a5c2,2022-03-21T01:40:00Z,Arizona Wildcats,TCU Horned Frogs,-9.9,9.9,143.8,-519,390,Arizona Wildcats,TCU Horned Frogs,-9.9,10.0,-110.0,-10.0,-110.0,144.0,-109.0,144.0,-112.0,380.0,-526.0,10.0,-110.0,-10.0,-110.0,144.0,-110.0,144.0,-110.0,350.0,-476.0,10.0,-110.0,-10.0,-110.0,144.0,-109.0,144.0,-112.0,390.0,-500.0,10.0,-115.0,-10.0,-115.0,144.0,-114.0,144.0,-116.0,370.0,-588.0,10.0,-110.0,-10.0,-110.0,143.5,-110.0,143.5,-110.0,400.0,-556.0,144.0,-109.0,144.0,-112.0,10.0,-110.0,-10.0,-110.0,390.0,-500.0,143.5,-110.0,143.5,-110.0,10.0,-110.0,-10.0,-110.0,415.0,-526.0,144.0,-109.0,144.0,-112.0,10.0,-110.0,-10.0,-110.0,390.0,-500.0,,,,,,,,,,,143.5,-110.0,143.5,-110.0,9.5,-110.0,-9.5,-110.0,350.0,-476.0,143.5,-110.0,143.5,-110.0,9.5,-110.0,-9.5,-110.0,375.0,-500.0,10.0,-110.0,-10.0,-110.0,144.0,-110.0,144.0,-110.0,400.0,-556.0,10.0,-110.0,-10.0,-110.0,143.5,-110.0,143.5,-110.0,440.0,-526.0,144.0,-108.0,144.0,-108.0,10.0,-111.0,-10.0,-101.0,420.0,-526.0,10.0,-110.0,-10.0,-110.0,143.5,-110.0,143.5,-110.0,10.0,-110.0,-10.0,-110.0,143.5,-110.0,143.5,-110.0,365.0,-476.0,10.0,-109.0,-10.0,-109.0,143.5,-109.0,143.5,-109.0,420.0,-556.0,,,,,,,,,,,2022
7afd2fb514256d77669a03f3bfd0f2a3,2022-03-20T16:10:00Z,Illinois Fighting Illini,Houston Cougars,4.5,-4.5,133.8,163,-195,Houston Cougars,Illinois Fighting Illini,-4.5,-4.5,-109.0,4.5,-112.0,134.0,-112.0,134.0,-108.0,-196.0,160.0,-4.5,-110.0,4.5,-110.0,134.5,100.0,134.5,-120.0,-189.0,160.0,-4.5,-109.0,4.5,-112.0,134.0,-112.0,134.0,-108.0,-189.0,160.0,-4.5,-114.0,4.5,-116.0,134.0,-116.0,134.0,-114.0,-208.0,150.0,-4.5,-110.0,4.5,-110.0,133.5,-110.0,133.5,-110.0,-189.0,160.0,134.0,-112.0,134.0,-108.0,-4.5,-109.0,4.5,-112.0,-189.0,160.0,133.5,-110.0,133.5,-110.0,-4.5,-110.0,4.5,-110.0,-196.0,165.0,134.0,-112.0,134.0,-108.0,-4.5,-109.0,4.5,-112.0,-189.0,160.0,133.5,-108.0,133.5,-108.0,-4.5,-106.0,4.5,-106.0,-200.0,173.0,133.5,-110.0,133.5,-110.0,,,,,,,134.5,-110.0,134.5,-110.0,-4.5,-110.0,4.5,-110.0,-185.0,150.0,-4.5,-110.0,4.5,-110.0,133.5,-110.0,133.5,-110.0,-196.0,162.0,-4.5,-110.0,4.5,-110.0,133.5,-110.0,133.5,-110.0,-196.0,170.0,133.5,-108.0,133.5,-108.0,-4.5,-106.0,4.5,-106.0,-200.0,173.0,-4.0,-110.0,4.0,-110.0,134.5,-110.0,134.5,-110.0,-4.5,-110.0,4.5,-110.0,133.5,-110.0,133.5,-110.0,-200.0,170.0,-4.5,-109.0,4.5,-109.0,133.5,-109.0,133.5,-109.0,-196.0,165.0,,,,,,,,,,,2022
9dd6c672a64bc5206f55ff87114a2e43,2022-03-20T22:10:00Z,Wisconsin Badgers,Iowa State Cyclones,-4.7,4.7,125.9,-206,172,Wisconsin Badgers,Iowa State Cyclones,-4.7,4.5,-108.0,-4.5,-112.0,126.0,-108.0,126.0,-114.0,165.0,-204.0,4.5,-110.0,-4.5,-110.0,126.5,-110.0,126.5,-110.0,170.0,-200.0,4.5,-108.0,-4.5,-112.0,126.0,-108.0,126.0,-114.0,170.0,-200.0,4.5,-114.0,-4.5,-116.0,126.0,-112.0,126.0,-118.0,160.0,-217.0,5.0,-110.0,-5.0,-110.0,126.0,-110.0,126.0,-110.0,180.0,-222.0,126.0,-108.0,126.0,-114.0,4.5,-108.0,-4.5,-112.0,170.0,-200.0,126.0,-110.0,126.0,-110.0,5.0,-105.0,-5.0,-115.0,180.0,-208.0,126.0,-108.0,126.0,-114.0,4.5,-108.0,-4.5,-112.0,170.0,-200.0,126.0,-112.0,126.0,-103.0,5.0,-106.0,-5.0,-106.0,180.0,-208.0,125.0,-110.0,125.0,-110.0,4.5,-110.0,-4.5,-110.0,165.0,-200.0,125.5,-110.0,125.5,-110.0,4.5,-110.0,-4.5,-110.0,165.0,-200.0,4.5,-110.0,-4.5,-110.0,126.0,-110.0,126.0,-110.0,162.0,-196.0,5.0,-110.0,-5.0,-110.0,126.0,-110.0,126.0,-110.0,175.0,-208.0,126.0,-112.0,126.0,-103.0,5.0,-106.0,-5.0,-106.0,180.0,-208.0,4.5,-110.0,-4.5,-110.0,125.5,-110.0,125.5,-110.0,5.0,-110.0,-5.0,-110.0,126.0,-110.0,126.0,-110.0,180.0,-222.0,5.0,-109.0,-5.0,-109.0,126.0,-109.0,126.0,-109.0,175.0,-208.0,,,,,,,,,,,2022
1f2fef63e0f4dfedce5d3ad178ff7254,2022-03-20T18:30:00Z,Florida Atlantic Owls,N Colorado Bears,-5.0,5.0,156.2,-208,176,Florida Atlantic Owls,N Colorado Bears,-5.0,,,,,,,,,,,5.0,-110.0,-5.0,-110.0,156.5,-105.0,156.5,-115.0,175.0,-208.0,,,,,,,,,,,,,,,,,,,,,5.0,-110.0,-5.0,-110.0,156.0,-110.0,156.0,-110.0,175.0,-208.0,,,,,,,,,,,,,,,,,,,,,,,,,,,,,,,156.0,-108.0,156.0,-108.0,5.0,-106.0,-5.0,-106.0,180.0,-208.0,,,,,,,,,,,,,,,,,,,,,5.0,-110.0,-5.0,-110.0,155.5,-110.0,155.5,-110.0,172.0,-208.0,,,,,,,,,,,156.0,-108.0,156.0,-108.0,5.0,-106.0,-5.0,-106.0,180.0,-208.0,5.0,-110.0,-5.0,-110.0,157.5,-110.0,157.5,-110.0,,,,,,,,,,,,,,,,,,,,,,,,,,,,,,,2022
817f432b648ddc1d09b956f34ec3664e,2022-03-20T16:00:00Z,VMI Keydets,UNC Wilmington Seahawks,-0.3,0.3,149.2,-110,-110,VMI Keydets,UNC Wilmington Seahawks,-0.3,,,,,,,,,,,1.5,-120.0,-1.5,100.0,149.5,-110.0,149.5,-110.0,-110.0,-110.0,,,,,,,,,,,,,,,,,,,,,-0.0,-110.0,0.0,-110.0,149.5,-110.0,149.5,-110.0,-110.0,-110.0,,,,,,,,,,,,,,,,,,,,,,,,,,,,,,,149.0,-108.0,149.0,-108.0,0.0,-106.0,0.0,-106.0,,,149.5,-110.0,149.5,-110.0,-0.0,-110.0,0.0,-110.0,-110.0,-110.0,,,,,,,,,,,0.5,-110.0,-0.5,-110.0,149.5,-110.0,149.5,-110.0,-110.0,-110.0,0.0,-110.0,0.0,-110.0,149.0,-110.0,149.0,-110.0,,,149.0,-108.0,149.0,-108.0,0.0,-106.0,0.0,-106.0,,,1.0,-115.0,-1.0,-105.0,148.0,-110.0,148.0,-110.0,,,,,,,,,,,0.0,-109.0,0.0,-109.0,149.5,-109.0,149.5,-109.0,-110.0,-110.0,,,,,,,,,,,2022
783e8f96558d800c6c55771c6a82fa8a,2022-03-21T02:00:00Z,Abilene Christian Wildcats,Troy Trojans,-4.4,4.4,140.3,-193,164,Abilene Christian Wildcats,Troy Trojans,-4.4,,,,,,,,,,,4.0,-105.0,-4.0,-115.0,140.5,-110.0,140.5,-110.0,160.0,-189.0,,,,,,,,,,,,,,,,,,,,,4.5,-110.0,-4.5,-110.0,140.5,-110.0,140.5,-110.0,170.0,-200.0,,,,,,,,,,,,,,,,,,,,,,,,,,,,,,,140.5,-108.0,140.5,-108.0,4.5,-106.0,-4.5,-106.0,165.0,-189.0,140.0,-110.0,140.0,-110.0,4.5,-110.0,-4.5,-110.0,165.0,-200.0,,,,,,,,,,,4.5,-110.0,-4.5,-110.0,139.5,-110.0,139.5,-110.0,160.0,-192.0,4.5,-110.0,-4.5,-110.0,140.5,-110.0,140.5,-110.0,165.0,-189.0,140.5,-108.0,140.5,-108.0,4.5,-106.0,-4.5,-106.0,165.0,-189.0,4.5,-110.0,-4.5,-110.0,140.5,-110.0,140.5,-110.0,,,,,,,,,,,4.5,-109.0,-4.5,-109.0,140.5,-109.0,140.5,-109.0,165.0,-196.0,,,,,,,,,,,2022
3328a05c67178c599fe4160230d20552,2022-03-25T23:29:00Z,Kansas Jayhawks,Providence Friars,-7.4,7.4,141.5,-338,267,Kansas Jayhawks,Providence Friars,-7.4,7.5,-110.0,-7.5,-110.0,141.5,-112.0,141.5,-108.0,265.0,-345.0,7.5,-110.0,-7.5,-110.0,141.5,-110.0,141.5,-110.0,250.0,-323.0,7.5,-110.0,-7.5,-110.0,141.5,-112.0,141.5,-108.0,265.0,-333.0,7.5,-115.0,-7.5,-115.0,141.5,-116.0,141.5,-114.0,255.0,-370.0,7.5,-110.0,-7.5,-110.0,141.5,-110.0,141.5,-110.0,280.0,-345.0,141.5,-112.0,141.5,-108.0,7.5,-110.0,-7.5,-110.0,265.0,-333.0,141.5,-110.0,141.5,-110.0,7.0,-110.0,-7.0,-110.0,275.0,-333.0,141.5,-112.0,141.5,-108.0,7.5,-110.0,-7.5,-110.0,265.0,-333.0,141.5,-108.0,141.5,-108.0,7.5,-111.0,-7.5,-101.0,275.0,-333.0,141.5,-110.0,141.5,-110.0,7.0,-110.0,-7.0,-110.0,265.0,-333.0,141.5,-110.0,141.5,-110.0,7.5,-110.0,-7.5,-110.0,260.0,-345.0,7.5,-114.0,-7.5,-106.0,141.5,-110.0,141.5,-110.0,255.0,-323.0,7.5,-110.0,-7.5,-110.0,141.5,-110.0,141.5,-110.0,275.0,-333.0,141.5,-108.0,141.5,-108.0,7.5,-111.0,-7.5,-101.0,275.0,-333.0,7.5,-110.0,-7.5,-110.0,141.5,-110.0,141.5,-110.0,7.5,-110.0,-7.5,-110.0,141.5,-110.0,141.5,-110.0,280.0,-345.0,7.5,-109.0,-7.5,-109.0,141.5,-109.0,141.5,-109.0,270.0,-345.0,,,,,,,,,,,2022
f9ce07fc9aa32f460da323b9d3940bd2,2022-03-26T01:39:00Z,UCLA Bruins,North Carolina Tar Heels,-2.1,2.1,141.4,-139,116,UCLA Bruins,North Carolina Tar Heels,-2.1,2.5,-109.0,-2.5,-112.0,141.0,-114.0,141.0,-108.0,120.0,-143.0,2.0,-110.0,-2.0,-110.0,141.5,-110.0,141.5,-110.0,120.0,-141.0,2.5,-109.0,-2.5,-112.0,141.0,-114.0,141.0,-108.0,120.0,-143.0,2.5,-114.0,-2.5,-116.0,141.0,-118.0,141.0,-111.0,114.0,-152.0,2.0,-110.0,-2.0,-110.0,141.5,-110.0,141.5,-110.0,115.0,-135.0,141.0,-114.0,141.0,-108.0,2.5,-109.0,-2.5,-112.0,120.0,-143.0,141.5,-115.0,141.5,-105.0,2.0,-115.0,-2.0,-105.0,110.0,-130.0,141.0,-114.0,141.0,-108.0,2.5,-109.0,-2.5,-112.0,120.0,-143.0,141.5,-112.0,141.5,-103.0,2.0,-101.0,-2.0,-111.0,115.0,-135.0,141.5,-110.0,141.5,-110.0,2.0,-110.0,-2.0,-110.0,115.0,-141.0,141.5,-110.0,141.5,-110.0,2.5,-115.0,-2.5,-105.0,110.0,-135.0,2.0,-110.0,-2.0,-110.0,141.5,-110.0,141.5,-110.0,120.0,-145.0,2.0,-110.0,-2.0,-110.0,142.0,-110.0,142.0,-110.0,115.0,-135.0,141.5,-112.0,141.5,-103.0,2.0,-101.0,-2.0,-111.0,115.0,-135.0,1.5,100.0,-1.5,-120.0,141.5,-110.0,141.5,-110.0,2.0,-110.0,-2.0,-110.0,142.0,-110.0,142.0,-110.0,115.0,-135.0,2.0,-109.0,-2.0,-109.0,141.5,-109.0,141.5,-109.0,115.0,-135.0,,,,,,,,,,,2022
7dd3e8ce5f196385df39f98593ab2bed,2022-03-24T23:09:00Z,Gonzaga Bulldogs,Arkansas Razorbacks,-9.6,9.6,154.8,-506,380,Gonzaga Bulldogs,Arkansas Razorbacks,-9.6,9.5,-110.0,-9.5,-110.0,155.0,-108.0,155.0,-114.0,360.0,-500.0,9.5,-110.0,-9.5,-110.0,155.0,-110.0,155.0,-110.0,385.0,-526.0,9.5,-110.0,-9.5,-110.0,155.0,-108.0,155.0,-114.0,380.0,-500.0,9.5,-115.0,-9.5,-115.0,155.0,-112.0,155.0,-118.0,350.0,-556.0,9.5,-110.0,-9.5,-110.0,154.5,-110.0,154.5,-110.0,360.0,-476.0,155.0,-108.0,155.0,-114.0,9.5,-110.0,-9.5,-110.0,380.0,-500.0,154.5,-110.0,154.5,-110.0,9.5,-110.0,-9.5,-110.0,395.0,-526.0,155.0,-108.0,155.0,-114.0,9.5,-110.0,-9.5,-110.0,380.0,-500.0,154.5,-108.0,154.5,-108.0,9.5,-101.0,-9.5,-111.0,395.0,-500.0,155.0,-110.0,155.0,-110.0,9.5,-110.0,-9.5,-110.0,400.0,-526.0,154.5,-110.0,154.5,-110.0,9.5,-110.0,-9.5,-110.0,340.0,-455.0,9.5,-110.0,-9.5,-110.0,155.0,-110.0,155.0,-110.0,375.0,-500.0,9.5,-110.0,-9.5,-110.0,154.5,-110.0,154.5,-110.0,400.0,-500.0,154.5,-108.0,154.5,-108.0,9.5,-101.0,-9.5,-111.0,395.0,-500.0,10.5,-115.0,-10.5,-105.0,155.5,-105.0,155.5,-115.0,9.5,-110.0,-9.5,-110.0,154.5,-110.0,154.5,-110.0,370.0,-500.0,9.5,-109.0,-9.5,-109.0,154.5,-109.0,154.5,-109.0,410.0,-526.0,,,,,,,,,,,2022
75079f06eb42fe88a7cd0e98142b37fd,2022-03-24T23:29:00Z,Villanova Wildcats,Michigan Wolverines,-5.0,5.0,135.3,-233,187,Villanova Wildcats,Michigan Wolverines,-5.0,5.0,-109.0,-5.0,-112.0,135.0,-110.0,135.0,-109.0,188.0,-233.0,5.0,-110.0,-5.0,-110.0,135.5,-110.0,135.5,-110.0,190.0,-233.0,5.0,-109.0,-5.0,-112.0,135.0,-110.0,135.0,-109.0,190.0,-233.0,5.0,-114.0,-5.0,-116.0,135.0,-115.0,135.0,-115.0,180.0,-250.0,5.0,-110.0,-5.0,-110.0,135.0,-110.0,135.0,-110.0,190.0,-233.0,135.0,-110.0,135.0,-109.0,5.0,-109.0,-5.0,-112.0,190.0,-233.0,135.5,-110.0,135.5,-110.0,5.0,-110.0,-5.0,-110.0,185.0,-227.0,135.0,-110.0,135.0,-109.0,5.0,-109.0,-5.0,-112.0,190.0,-233.0,,,,,,,,,,,135.5,-110.0,135.5,-110.0,5.0,-110.0,-5.0,-110.0,195.0,-238.0,135.5,-110.0,135.5,-110.0,4.5,-105.0,-4.5,-115.0,180.0,-227.0,5.0,-110.0,-5.0,-110.0,135.0,-110.0,135.0,-110.0,188.0,-233.0,5.0,-110.0,-5.0,-110.0,135.5,-110.0,135.5,-110.0,185.0,-227.0,,,,,,,,,,,5.0,-110.0,-5.0,-110.0,136.5,-110.0,136.5,-110.0,5.5,-110.0,-5.5,-110.0,135.5,-110.0,135.5,-110.0,185.0,-227.0,,,,,,,,,,,,,,,,,,,,,2022
f15e8f6b9e1f30f5868da689e242ce11,2022-03-25T01:39:00Z,Duke Blue Devils,Texas Tech Red Raiders,1.0,-1.0,137.1,-106,-114,Texas Tech Red Raiders,Duke Blue Devils,-1.0,-1.0,-109.0,1.0,-112.0,137.0,-114.0,137.0,-108.0,-115.0,-108.0,-1.0,-110.0,1.0,-110.0,137.0,-110.0,137.0,-110.0,-115.0,-105.0,-1.0,-109.0,1.0,-112.0,137.0,-114.0,137.0,-108.0,-110.0,-108.0,-1.0,-114.0,1.0,-116.0,137.0,-118.0,137.0,-111.0,-120.0,-110.0,-1.0,-110.0,1.0,-110.0,137.0,-110.0,137.0,-110.0,-115.0,-105.0,137.0,-114.0,137.0,-108.0,-1.0,-109.0,1.0,-112.0,-110.0,-108.0,137.5,-110.0,137.5,-110.0,-1.0,-110.0,1.0,-110.0,-114.0,-108.0,137.0,-114.0,137.0,-108.0,-1.0,-109.0,1.0,-112.0,-110.0,-108.0,,,,,,,,,,,137.0,-110.0,137.0,-110.0,-1.0,-110.0,1.0,-110.0,-115.0,-105.0,137.5,-110.0,137.5,-110.0,-1.5,-105.0,1.5,-115.0,-115.0,-105.0,-1.0,-110.0,1.0,-110.0,137.5,-110.0,137.5,-110.0,-118.0,-102.0,-1.0,-110.0,1.0,-110.0,137.5,-110.0,137.5,-110.0,,,,,,,,,,,,,-1.0,-110.0,1.0,-110.0,136.5,-115.0,136.5,-105.0,-1.0,-110.0,1.0,-110.0,137.5,-110.0,137.5,-110.0,-115.0,-105.0,,,,,,,,,,,,,,,,,,,,,2022
9932a3b5ca76e12d12da944549c0c0d7,2022-03-26T02:00:00Z,Miami Hurricanes,Iowa State Cyclones,-2.5,2.5,132.8,-146,123,Miami Hurricanes,Iowa State Cyclones,-2.5,2.5,-109.0,-2.5,-110.0,132.5,-114.0,132.5,-108.0,120.0,-147.0,2.5,-110.0,-2.5,-110.0,133.0,-110.0,133.0,-110.0,125.0,-145.0,2.5,-109.0,-2.5,-110.0,132.5,-114.0,132.5,-108.0,125.0,-147.0,2.5,-114.0,-2.5,-116.0,132.5,-118.0,132.5,-112.0,115.0,-152.0,2.5,-110.0,-2.5,-110.0,133.0,-110.0,133.0,-110.0,125.0,-145.0,132.5,-114.0,132.5,-108.0,2.5,-109.0,-2.5,-110.0,125.0,-147.0,133.0,-110.0,133.0,-110.0,3.0,-110.0,-3.0,-110.0,130.0,-149.0,132.5,-114.0,132.5,-108.0,2.5,-109.0,-2.5,-110.0,125.0,-147.0,,,,,,,,,,,133.0,-110.0,133.0,-110.0,2.5,-110.0,-2.5,-110.0,125.0,-145.0,133.5,-110.0,133.5,-110.0,,,,,120.0,-145.0,2.5,-110.0,-2.5,-110.0,133.0,-110.0,133.0,-110.0,116.0,-141.0,2.5,-110.0,-2.5,-110.0,133.0,-110.0,133.0,-110.0,125.0,-145.0,,,,,,,,,,,2.5,-105.0,-2.5,-115.0,132.5,-115.0,132.5,-105.0,,,,,,,,,,,,,,,,,,,,,,,,,,,,,,,2022
db1b94e0103dbd4b3c3f606f497c254b,2022-03-25T23:09:00Z,Purdue Boilermakers,Saint Peter's Peacocks,-12.5,12.5,133.6,-973,620,Purdue Boilermakers,Saint Peter's Peacocks,-12.5,12.5,-112.0,-12.5,-109.0,133.5,-108.0,133.5,-114.0,600.0,-1000.0,,,,,,,,,,,12.5,-112.0,-12.5,-109.0,133.5,-108.0,133.5,-114.0,600.0,-1000.0,12.5,-116.0,-12.5,-114.0,133.5,-112.0,133.5,-118.0,575.0,-1250.0,,,,,,,,,,,,,,,,,,,,,133.5,-110.0,133.5,-110.0,12.0,-110.0,-12.0,-110.0,625.0,-909.0,133.5,-108.0,133.5,-114.0,12.5,-112.0,-12.5,-109.0,600.0,-1000.0,134.0,-103.0,134.0,-112.0,12.5,-106.0,-12.5,-106.0,640.0,-909.0,133.5,-110.0,133.5,-110.0,12.5,-110.0,-12.5,-110.0,650.0,-1000.0,,,,,,,,,,,,,,,,,,,,,12.5,-110.0,-12.5,-110.0,133.5,-110.0,133.5,-110.0,650.0,-909.0,134.0,-103.0,134.0,-112.0,12.5,-106.0,-12.5,-106.0,640.0,-909.0,,,,,,,,,12.5,-110.0,-12.5,-110.0,133.5,-110.0,133.5,-110.0,600.0,-909.0,12.5,-109.0,-12.5,-109.0,133.5,-109.0,133.5,-109.0,635.0,-909.0,,,,,,,,,,,2022
7133412e3d95acc1b29f9c5578e2d8ba,2022-03-25T02:00:00Z,Arizona Wildcats,Houston Cougars,-1.5,1.5,145.4,-125,89,Arizona Wildcats,Houston Cougars,-1.5,1.5,-109.0,-1.5,-110.0,145.5,-109.0,145.5,-110.0,102.0,-123.0,1.5,-105.0,-1.5,-115.0,145.5,-110.0,145.5,-110.0,105.0,-125.0,1.5,-109.0,-1.5,-110.0,145.5,-109.0,145.5,-110.0,104.0,-123.0,1.5,-114.0,-1.5,-115.0,145.5,-114.0,145.5,-115.0,-102.0,-130.0,1.5,-110.0,-1.5,-110.0,145.5,-110.0,145.5,-110.0,105.0,-125.0,145.5,-109.0,145.5,-110.0,1.5,-109.0,-1.5,-110.0,104.0,-123.0,145.0,-110.0,145.0,-110.0,1.5,-110.0,-1.5,-110.0,105.0,-125.0,145.5,-109.0,145.5,-110.0,1.5,-109.0,-1.5,-110.0,104.0,-123.0,,,,,,,,,,,145.0,-110.0,145.0,-110.0,1.5,-110.0,-1.5,-110.0,,,145.5,-110.0,145.5,-110.0,1.5,-110.0,-1.5,-110.0,105.0,-125.0,1.5,-110.0,-1.5,-110.0,145.5,-110.0,145.5,-110.0,105.0,-127.0,1.5,-110.0,-1.5,-110.0,145.5,-110.0,145.5,-110.0,,,145.0,-108.0,145.0,-108.0,1.5,-108.0,-1.5,-104.0,105.0,-125.0,1.5,-105.0,-1.5,-115.0,146.5,-110.0,146.5,-110.0,1.5,-110.0,-1.5,-110.0,145.0,-110.0,145.0,-110.0,110.0,-130.0,1.5,-109.0,-1.5,-109.0,145.0,-109.0,145.0,-109.0,105.0,-125.0,,,,,,,,,,,2022
1c51982df83639a36b2a012871a03e88,2022-03-26T22:00:00Z,Southern Utah Thunderbirds,Portland Pilots,-4.0,4.0,154.9,-183,157,Southern Utah Thunderbirds,Portland Pilots,-4.0,,,,,,,,,,,4.0,-110.0,-4.0,-110.0,155.0,-110.0,155.0,-110.0,155.0,-179.0,,,,,,,,,,,,,,,,,,,,,4.0,-110.0,-4.0,-110.0,155.0,-110.0,155.0,-110.0,160.0,-189.0,,,,,,,,,,,154.5,-110.0,154.5,-110.0,4.0,-110.0,-4.0,-110.0,155.0,-185.0,,,,,,,,,,,155.0,-108.0,155.0,-108.0,4.0,-106.0,-4.0,-106.0,160.0,-179.0,154.5,-110.0,154.5,-110.0,4.0,-110.0,-4.0,-110.0,,,,,,,,,,,,,4.0,-110.0,-4.0,-110.0,155.5,-110.0,155.5,-110.0,150.0,-185.0,4.0,-110.0,-4.0,-110.0,155.0,-110.0,155.0,-110.0,160.0,-179.0,155.0,-108.0,155.0,-108.0,4.0,-106.0,-4.0,-106.0,160.0,-179.0,4.0,-110.0,-4.0,-110.0,154.5,-110.0,154.5,-110.0,,,,,,,,,,,4.0,-109.0,-4.0,-109.0,155.0,-109.0,155.0,-109.0,155.0,-185.0,-4.0,-110.0,4.0,-110.0,155.0,-110.0,155.0,-110.0,-185.0,160.0,2022
558420e9e87283e442906cb6253e55bf,2022-03-29T00:00:00Z,South Alabama Jaguars,Coastal Carolina Chanticleers,-2.9,2.9,137.4,-151,130,South Alabama Jaguars,Coastal Carolina Chanticleers,-2.9,,,,,,,,,,,2.5,-110.0,-2.5,-110.0,137.5,-115.0,137.5,-105.0,130.0,-149.0,,,,,,,,,,,,,,,,,,,,,3.0,-110.0,-3.0,-110.0,137.5,-110.0,137.5,-110.0,140.0,-161.0,,,,,,,,,,,137.5,-110.0,137.5,-110.0,3.0,-110.0,-3.0,-110.0,130.0,-149.0,,,,,,,,,,,137.5,-112.0,137.5,-103.0,2.5,-101.0,-2.5,-111.0,125.0,-145.0,137.0,-110.0,137.0,-110.0,3.0,-110.0,-3.0,-110.0,130.0,-159.0,,,,,,,,,,,2.5,-110.0,-2.5,-110.0,137.0,-114.0,137.0,-106.0,128.0,-154.0,3.0,-110.0,-3.0,-110.0,137.5,-110.0,137.5,-110.0,130.0,-149.0,137.5,-112.0,137.5,-103.0,2.5,-101.0,-2.5,-111.0,125.0,-145.0,3.5,-110.0,-3.5,-110.0,137.5,-110.0,137.5,-110.0,,,,,,,,,,,3.0,-109.0,-3.0,-109.0,137.5,-109.0,137.5,-109.0,130.0,-149.0,-3.0,-110.0,3.0,-110.0,137.5,-110.0,137.5,-110.0,-149.0,130.0,2022
9e9dc1b656f0253f816b8a09efb3d8b5,2022-03-29T23:00:00Z,Xavier Musketeers,St. Bonaventure Bonnies,1.9,-1.9,140.6,110,-131,St. Bonaventure Bonnies,Xavier Musketeers,-1.9,,,,,,,,,,,-1.5,-115.0,1.5,-105.0,140.5,-110.0,140.5,-110.0,-125.0,105.0,,,,,,,,,,,,,,,,,,,,,-2.0,-110.0,2.0,-110.0,140.5,-110.0,140.5,-110.0,-130.0,110.0,,,,,,,,,,,,,,,,,,,,,,,,,,,,,,,140.5,-103.0,140.5,-112.0,-2.0,-106.0,2.0,-106.0,-130.0,110.0,141.0,-110.0,141.0,-110.0,-2.0,-110.0,2.0,-110.0,-145.0,120.0,,,,,,,,,,,-2.0,-110.0,2.0,-110.0,140.5,-110.0,140.5,-110.0,-130.0,108.0,-2.0,-110.0,2.0,-110.0,140.5,-110.0,140.5,-110.0,-130.0,110.0,140.5,-103.0,140.5,-112.0,-2.0,-106.0,2.0,-106.0,-130.0,110.0,-1.5,-110.0,1.5,-110.0,140.5,-110.0,140.5,-110.0,,,,,,,,,,,-2.0,-109.0,2.0,-109.0,140.5,-109.0,140.5,-109.0,-130.0,110.0,,,,,,,,,,,2022
c5398e2cfb8ce375e766552f23185907,2022-03-30T01:30:00Z,Texas A&M Aggies,Washington St Cougars,-1.5,1.5,133.4,-125,105,Texas A&M Aggies,Washington St Cougars,-1.5,,,,,,,,,,,1.5,-110.0,-1.5,-110.0,133.0,-115.0,133.0,-105.0,105.0,-125.0,,,,,,,,,,,,,,,,,,,,,1.5,-110.0,-1.5,-110.0,133.5,-110.0,133.5,-110.0,105.0,-125.0,,,,,,,,,,,,,,,,,,,,,,,,,,,,,,,,,,,,,,,,,134.0,-110.0,134.0,-110.0,1.5,-110.0,-1.5,-110.0,105.0,-125.0,,,,,,,,,,,1.5,-106.0,-1.5,-114.0,132.5,-110.0,132.5,-110.0,105.0,-127.0,1.5,-110.0,-1.5,-110.0,133.5,-110.0,133.5,-110.0,105.0,-125.0,133.5,-103.0,133.5,-112.0,1.5,-104.0,-1.5,-108.0,105.0,-125.0,1.5,-110.0,-1.5,-110.0,133.5,-110.0,133.5,-110.0,,,,,,,,,,,1.5,-109.0,-1.5,-109.0,133.5,-109.0,133.5,-109.0,105.0,-125.0,,,,,,,,,,,2022
bc08ac02e78fed9e629fa99c3101f008,2022-03-27T00:49:00Z,Duke Blue Devils,Arkansas Razorbacks,-3.9,3.9,147.5,-181,151,Duke Blue Devils,Arkansas Razorbacks,-3.9,4.0,-109.0,-4.0,-110.0,147.5,-110.0,147.5,-109.0,150.0,-185.0,4.0,-110.0,-4.0,-110.0,147.5,-110.0,147.5,-110.0,155.0,-179.0,4.0,-109.0,-4.0,-110.0,147.5,-110.0,147.5,-109.0,150.0,-182.0,4.0,-115.0,-4.0,-115.0,147.5,-115.0,147.5,-115.0,145.0,-200.0,4.0,-110.0,-4.0,-110.0,147.5,-110.0,147.5,-110.0,155.0,-179.0,147.5,-110.0,147.5,-109.0,4.0,-109.0,-4.0,-110.0,150.0,-182.0,147.5,-110.0,147.5,-110.0,4.0,-110.0,-4.0,-110.0,155.0,-185.0,147.5,-110.0,147.5,-109.0,4.0,-109.0,-4.0,-110.0,150.0,-182.0,,,,,,,,,,,147.5,-110.0,147.5,-110.0,4.0,-110.0,-4.0,-110.0,150.0,-179.0,147.5,-110.0,147.5,-110.0,3.5,-110.0,-3.5,-110.0,145.0,-175.0,3.5,-106.0,-3.5,-114.0,147.5,-110.0,147.5,-110.0,146.0,-179.0,4.0,-110.0,-4.0,-110.0,147.5,-110.0,147.5,-110.0,155.0,-175.0,,,,,,,,,,,3.5,-110.0,-3.5,-110.0,147.5,-110.0,147.5,-110.0,4.0,-110.0,-4.0,-110.0,147.5,-110.0,147.5,-110.0,155.0,-175.0,,,,,,,,,,,,,,,,,,,,,2022
2879300e3d86e8b7ffc0a2c588f7d824,2022-03-26T22:09:00Z,Villanova Wildcats,Houston Cougars,2.5,-2.5,127.8,124,-147,Houston Cougars,Villanova Wildcats,-2.5,-2.5,-110.0,2.5,-109.0,127.5,-112.0,127.5,-108.0,-147.0,120.0,-2.5,-110.0,2.5,-110.0,128.0,-110.0,128.0,-110.0,-149.0,130.0,-2.5,-110.0,2.5,-109.0,127.5,-112.0,127.5,-108.0,-147.0,125.0,-2.5,-116.0,2.5,-114.0,127.5,-116.0,127.5,-112.0,-154.0,115.0,-2.5,-110.0,2.5,-110.0,128.0,-110.0,128.0,-110.0,-145.0,125.0,127.5,-112.0,127.5,-108.0,-2.5,-110.0,2.5,-109.0,-147.0,125.0,128.0,-110.0,128.0,-110.0,-2.5,-110.0,2.5,-110.0,-145.0,125.0,127.5,-112.0,127.5,-108.0,-2.5,-110.0,2.5,-109.0,-147.0,125.0,128.0,-108.0,128.0,-108.0,-2.5,-111.0,2.5,-101.0,-149.0,130.0,128.0,-110.0,128.0,-110.0,,,,,,,127.5,-110.0,127.5,-110.0,-2.5,-110.0,2.5,-110.0,-145.0,120.0,-2.5,-114.0,2.5,-106.0,128.0,-110.0,128.0,-110.0,-152.0,126.0,-2.5,-110.0,2.5,-110.0,128.0,-110.0,128.0,-110.0,-145.0,125.0,128.0,-108.0,128.0,-108.0,-2.5,-111.0,2.5,-101.0,-149.0,130.0,-3.0,-110.0,3.0,-110.0,127.5,-110.0,127.5,-110.0,-2.5,-110.0,2.5,-110.0,128.0,-110.0,128.0,-110.0,-141.0,120.0,-2.5,-109.0,2.5,-109.0,128.0,-109.0,128.0,-109.0,-145.0,125.0,,,,,,,,,,,2022
83598853e42085ee08abe04ccd894e8c,2022-03-27T21:05:00Z,North Carolina Tar Heels,Saint Peter's Peacocks,-8.5,8.5,137.1,-394,302,North Carolina Tar Heels,Saint Peter's Peacocks,-8.5,8.5,-109.0,-8.5,-110.0,137.0,-109.0,137.0,-110.0,295.0,-385.0,,,,,,,,,,,8.5,-109.0,-8.5,-110.0,137.0,-109.0,137.0,-110.0,295.0,-370.0,8.5,-115.0,-8.5,-115.0,137.0,-114.0,137.0,-115.0,285.0,-417.0,,,,,,,,,,,,,,,,,,,,,137.0,-110.0,137.0,-110.0,8.5,-110.0,-8.5,-110.0,285.0,-400.0,137.0,-109.0,137.0,-110.0,8.5,-109.0,-8.5,-110.0,295.0,-370.0,137.0,-112.0,137.0,-103.0,8.5,-106.0,-8.5,-106.0,315.0,-385.0,137.5,-110.0,137.5,-110.0,9.0,-110.0,-9.0,-110.0,315.0,-417.0,,,,,,,,,,,,,,,,,,,,,8.5,-110.0,-8.5,-110.0,137.5,-110.0,137.5,-110.0,320.0,-400.0,137.0,-112.0,137.0,-103.0,8.5,-106.0,-8.5,-106.0,315.0,-385.0,,,,,,,,,8.5,-110.0,-8.5,-110.0,137.0,-110.0,137.0,-110.0,300.0,-385.0,8.5,-109.0,-8.5,-109.0,137.0,-109.0,137.0,-109.0,300.0,-417.0,,,,,,,,,,,2022
9c9c2576bbedee342817eaf13db3ee13,2022-03-27T18:20:00Z,Kansas Jayhawks,Miami Hurricanes,-5.9,5.9,147.0,-276,219,Kansas Jayhawks,Miami Hurricanes,-5.9,6.0,-109.0,-6.0,-110.0,147.0,-109.0,147.0,-110.0,205.0,-278.0,6.0,-110.0,-6.0,-110.0,146.5,-110.0,146.5,-110.0,215.0,-263.0,6.0,-109.0,-6.0,-110.0,147.0,-109.0,147.0,-110.0,220.0,-278.0,6.0,-115.0,-6.0,-115.0,147.0,-115.0,147.0,-115.0,200.0,-278.0,6.0,-110.0,-6.0,-110.0,147.5,-110.0,147.5,-110.0,230.0,-278.0,147.0,-109.0,147.0,-110.0,6.0,-109.0,-6.0,-110.0,220.0,-278.0,147.0,-110.0,147.0,-110.0,5.5,-110.0,-5.5,-110.0,225.0,-278.0,147.0,-109.0,147.0,-110.0,6.0,-109.0,-6.0,-110.0,220.0,-278.0,,,,,,,,,,,147.5,-110.0,147.5,-110.0,6.0,-110.0,-6.0,-110.0,225.0,-278.0,146.5,-120.0,146.5,100.0,,,,,230.0,-303.0,6.0,-110.0,-6.0,-110.0,147.5,-110.0,147.5,-110.0,205.0,-256.0,5.5,-110.0,-5.5,-110.0,147.5,-110.0,147.5,-110.0,230.0,-270.0,,,,,,,,,,,5.5,-105.0,-5.5,-115.0,146.5,-110.0,146.5,-110.0,,,,,,,,,,,,,,,,,,,,,,,,,,,,,,,2022
e84935f710dd6c311770a6d2fe68b21c,2022-03-29T02:00:00Z,Fresno St Bulldogs,Southern Utah Thunderbirds,-7.9,7.9,135.4,-333,265,Fresno St Bulldogs,Southern Utah Thunderbirds,-7.9,,,,,,,,,,,,,,,,,,,,,,,,,,,,,,,,,,,,,,,,,8.0,-110.0,-8.0,-110.0,135.5,-110.0,135.5,-110.0,,,,,,,,,,,,,,,,,,,,,,,,,,,,,,,,,,,,,,,,,,,,,,,,,,,,,,,,,,,,,,,8.0,-114.0,-8.0,-106.0,135.0,-110.0,135.0,-110.0,265.0,-333.0,8.0,-110.0,-8.0,-110.0,135.5,-110.0,135.5,-110.0,,,,,,,,,,,,,7.5,-110.0,-7.5,-110.0,135.5,-110.0,135.5,-110.0,,,,,,,,,,,8.0,-109.0,-8.0,-109.0,135.5,-109.0,135.5,-109.0,,,,,,,,,,,,,2022
08379ebd68034069c7ae6b7f62d3e4fe,2022-04-02T22:09:00Z,Kansas Jayhawks,Villanova Wildcats,-4.2,4.2,132.8,-200,168,Kansas Jayhawks,Villanova Wildcats,-4.2,4.5,-110.0,-4.5,-110.0,132.5,-114.0,132.5,-108.0,165.0,-204.0,4.0,-110.0,-4.0,-110.0,133.0,-110.0,133.0,-110.0,165.0,-196.0,4.5,-110.0,-4.5,-110.0,132.5,-114.0,132.5,-108.0,165.0,-200.0,4.5,-114.0,-4.5,-116.0,132.5,-118.0,132.5,-112.0,160.0,-217.0,4.0,-110.0,-4.0,-110.0,134.0,-110.0,134.0,-110.0,170.0,-200.0,132.5,-114.0,132.5,-108.0,4.5,-110.0,-4.5,-110.0,165.0,-200.0,133.0,-105.0,133.0,-115.0,4.5,-110.0,-4.5,-110.0,170.0,-200.0,132.5,-114.0,132.5,-108.0,4.5,-110.0,-4.5,-110.0,165.0,-200.0,133.0,-108.0,133.0,-108.0,4.0,-102.0,-4.0,-110.0,175.0,-204.0,133.0,-108.0,133.0,-108.0,4.5,-108.0,-4.5,-108.0,180.0,-200.0,132.5,-110.0,132.5,-110.0,4.5,-110.0,-4.5,-110.0,165.0,-200.0,,,,,,,,,,,4.0,-110.0,-4.0,-110.0,133.0,-110.0,133.0,-110.0,170.0,-196.0,133.0,-108.0,133.0,-108.0,4.0,-102.0,-4.0,-110.0,175.0,-204.0,4.0,-110.0,-4.0,-110.0,132.5,-115.0,132.5,-105.0,4.0,-110.0,-4.0,-110.0,133.0,-110.0,133.0,-110.0,165.0,-189.0,4.0,-109.0,-4.0,-109.0,133.0,-109.0,133.0,-109.0,165.0,-196.0,,,,,,,,,,,2022
4847b3f09647d784fe8313d9b279cb06,2022-04-03T00:49:00Z,Duke Blue Devils,North Carolina Tar Heels,-4.1,4.1,151.3,-191,160,Duke Blue Devils,North Carolina Tar Heels,-4.1,4.0,-108.0,-4.0,-114.0,151.5,-108.0,151.5,-114.0,150.0,-189.0,4.0,-110.0,-4.0,-110.0,151.0,-110.0,151.0,-110.0,160.0,-189.0,4.0,-108.0,-4.0,-114.0,151.5,-108.0,151.5,-114.0,155.0,-189.0,4.0,-111.0,-4.0,-118.0,151.5,-112.0,151.5,-118.0,148.0,-200.0,4.0,-110.0,-4.0,-110.0,151.0,-110.0,151.0,-110.0,170.0,-200.0,151.5,-108.0,151.5,-114.0,4.0,-108.0,-4.0,-114.0,155.0,-189.0,151.5,-110.0,151.5,-110.0,4.0,-110.0,-4.0,-110.0,165.0,-196.0,151.5,-108.0,151.5,-114.0,4.0,-108.0,-4.0,-114.0,155.0,-189.0,,,,,,,,,,,151.0,-108.0,151.0,-108.0,4.0,-108.0,-4.0,-108.0,175.0,-189.0,151.5,-110.0,151.5,-110.0,4.5,-115.0,-4.5,-105.0,155.0,-189.0,,,,,,,,,,,4.0,-110.0,-4.0,-110.0,151.0,-110.0,151.0,-110.0,170.0,-196.0,,,,,,,,,,,4.5,-115.0,-4.5,-105.0,151.5,-110.0,151.5,-110.0,4.0,-110.0,-4.0,-110.0,151.0,-110.0,151.0,-110.0,165.0,-189.0,,,,,,,,,,,-4.0,-110.0,4.0,-110.0,151.5,-110.0,151.5,-110.0,-185.0,160.0,2022
20b3c9a6842c30319a8f7a9a8c8d8fc4,2022-04-05T01:20:07Z,Villanova Wildcats,North Carolina Tar Heels,0.4,-0.4,134.0,-106,-116,North Carolina Tar Heels,Villanova Wildcats,-0.4,-1.0,-109.0,1.0,-112.0,134.0,-114.0,134.0,-108.0,-115.0,-105.0,1.5,-110.0,-1.5,-110.0,,,,,,,-1.0,-109.0,1.0,-112.0,134.0,-114.0,134.0,-108.0,-115.0,-105.0,-1.0,-114.0,1.0,-116.0,134.0,-118.0,134.0,-112.0,-120.0,-110.0,,,,,,,,,,,,,,,,,,,,,,,,,,,,,,,134.0,-114.0,134.0,-108.0,-1.0,-109.0,1.0,-112.0,-115.0,-105.0,,,,,0.0,-106.0,0.0,-106.0,,,,,,,,,,,,,,,,,,,,,,,,,,,,,,,,,,,,,,,,,,,,,,,0.0,-106.0,0.0,-106.0,,,,,,,,,,,,,,,,,,,,,,,,,,,,,,,,,,,,,,,,,2022
871298b41f2fcd0ca133e5c412ff5f22,2022-04-05T01:20:09Z,Kansas Jayhawks,Duke Blue Devils,1.0,-1.0,150.5,-104,-119,Duke Blue Devils,Kansas Jayhawks,-1.0,-1.0,-112.0,1.0,-108.0,150.5,-108.0,150.5,-112.0,-118.0,-103.0,-1.0,-110.0,1.0,-110.0,,,,,,,-1.0,-112.0,1.0,-108.0,150.5,-108.0,150.5,-112.0,-118.0,-103.0,-1.0,-116.0,1.0,-112.0,150.5,-112.0,150.5,-118.0,-123.0,-106.0,,,,,,,,,,,,,,,,,,,,,,,,,,,,,,,150.5,-108.0,150.5,-112.0,-1.0,-112.0,1.0,-108.0,-118.0,-103.0,,,,,,,,,,,,,,,,,,,,,,,,,,,,,,,,,,,,,,,,,,,,,,,,,,,,,,,,,,,,,,,,,,,,,,,,,,,,,,,,,,,,,,,,,,,,,,,,,,,2022
00fedd0ddbcd633eedc8ee6084377e57,2022-04-05T01:20:16Z,Kansas Jayhawks,North Carolina Tar Heels,-3.6,3.6,150.5,-170,138,Kansas Jayhawks,North Carolina Tar Heels,-3.6,3.5,-108.0,-3.5,-112.0,150.5,-108.0,150.5,-114.0,138.0,-167.0,4.0,-110.0,-4.0,-110.0,,,,,,,3.5,-108.0,-3.5,-112.0,150.5,-108.0,150.5,-114.0,140.0,-167.0,3.5,-114.0,-3.5,-116.0,150.5,-112.0,150.5,-118.0,133.0,-179.0,,,,,,,,,,,,,,,,,,,,,,,,,,,,,,,150.5,-108.0,150.5,-114.0,3.5,-108.0,-3.5,-112.0,140.0,-167.0,,,,,3.5,-109.0,-3.5,-103.0,,,,,,,,,,,,,,,,,,,,,,,,,,,,,,,,,,,,,,,,,,,,,,,3.5,-109.0,-3.5,-103.0,,,,,,,,,,,,,,,,,,,,,,,,,,,,,,,,,,,,,,,,,2022
5f47e816079441f8e3500f1ec22da61e,2022-04-05T01:20:59Z,Duke Blue Devils,Villanova Wildcats,-4.4,4.4,134.0,-209,159,Duke Blue Devils,Villanova Wildcats,-4.4,4.5,-108.0,-4.5,-112.0,134.0,-112.0,134.0,-108.0,160.0,-208.0,4.0,-110.0,-4.0,-110.0,,,,,,,4.5,-108.0,-4.5,-112.0,134.0,-112.0,134.0,-108.0,160.0,-208.0,4.5,-114.0,-4.5,-116.0,134.0,-116.0,134.0,-112.0,155.0,-213.0,,,,,,,,,,,,,,,,,,,,,,,,,,,,,,,134.0,-112.0,134.0,-108.0,4.5,-108.0,-4.5,-112.0,160.0,-208.0,,,,,,,,,,,,,,,,,,,,,,,,,,,,,,,,,,,,,,,,,,,,,,,,,,,,,,,,,,,,,,,,,,,,,,,,,,,,,,,,,,,,,,,,,,,,,,,,,,,2022
3ac0ababad974c5c6fc79dabff763220,2022-04-05T01:20:00Z,Kansas Jayhawks,North Carolina Tar Heels,-4.0,4.0,152.0,-196,163,Kansas Jayhawks,North Carolina Tar Heels,-4.0,4.0,-108.0,-4.0,-112.0,152.0,-110.0,152.0,-109.0,165.0,-204.0,4.0,-110.0,-4.0,-110.0,152.0,-110.0,152.0,-110.0,160.0,-189.0,4.0,-108.0,-4.0,-112.0,152.0,-110.0,152.0,-109.0,165.0,-200.0,4.0,-112.0,-4.0,-116.0,152.0,-115.0,152.0,-114.0,160.0,-217.0,4.0,-110.0,-4.0,-110.0,152.0,-110.0,152.0,-110.0,170.0,-200.0,152.0,-110.0,152.0,-109.0,4.0,-108.0,-4.0,-112.0,165.0,-200.0,152.5,-110.0,152.5,-110.0,4.0,-105.0,-4.0,-115.0,155.0,-185.0,152.0,-110.0,152.0,-109.0,4.0,-108.0,-4.0,-112.0,165.0,-200.0,152.0,-108.0,152.0,-108.0,4.0,-101.0,-4.0,-111.0,170.0,-196.0,152.0,-110.0,152.0,-110.0,4.0,-110.0,-4.0,-110.0,155.0,-189.0,151.5,-110.0,151.5,-110.0,4.5,-115.0,-4.5,-105.0,155.0,-189.0,4.0,-105.0,-4.0,-115.0,152.0,-110.0,152.0,-110.0,155.0,-189.0,4.0,-110.0,-4.0,-110.0,152.0,-110.0,152.0,-110.0,170.0,-200.0,152.0,-108.0,152.0,-108.0,4.0,-101.0,-4.0,-111.0,170.0,-196.0,4.0,-105.0,-4.0,-115.0,152.5,-110.0,152.5,-110.0,4.0,-110.0,-4.0,-110.0,152.0,-110.0,152.0,-110.0,165.0,-189.0,4.0,-109.0,-4.0,-109.0,152.0,-109.0,152.0,-109.0,170.0,-200.0,-4.0,-110.0,4.0,-110.0,152.0,-115.0,152.0,-105.0,-185.0,160.0,2022
